# Diorama ruang kerja mini untuk AR ID Card
# Satuan meter. Lantai di y = 0, ruangan terbuka ke arah +X dan +Z.
mtllib workspace-diorama.mtl
o Workspace
v -0.08500 -0.00500 0.06000
v 0.08500 -0.00500 0.06000
v 0.08500 0.00000 0.06000
v -0.08500 0.00000 0.06000
v 0.08500 -0.00500 -0.06000
v -0.08500 -0.00500 -0.06000
v -0.08500 0.00000 -0.06000
v 0.08500 0.00000 -0.06000
v 0.08500 -0.00500 0.06000
v 0.08500 -0.00500 -0.06000
v 0.08500 0.00000 -0.06000
v 0.08500 0.00000 0.06000
v -0.08500 -0.00500 -0.06000
v -0.08500 -0.00500 0.06000
v -0.08500 0.00000 0.06000
v -0.08500 0.00000 -0.06000
v -0.08500 0.00000 0.06000
v 0.08500 0.00000 0.06000
v 0.08500 0.00000 -0.06000
v -0.08500 0.00000 -0.06000
v -0.08500 -0.00500 -0.06000
v 0.08500 -0.00500 -0.06000
v 0.08500 -0.00500 0.06000
v -0.08500 -0.00500 0.06000
v -0.08500 0.00000 -0.05500
v 0.08500 0.00000 -0.05500
v 0.08500 0.08500 -0.05500
v -0.08500 0.08500 -0.05500
v 0.08500 0.00000 -0.06000
v -0.08500 0.00000 -0.06000
v -0.08500 0.08500 -0.06000
v 0.08500 0.08500 -0.06000
v 0.08500 0.00000 -0.05500
v 0.08500 0.00000 -0.06000
v 0.08500 0.08500 -0.06000
v 0.08500 0.08500 -0.05500
v -0.08500 0.00000 -0.06000
v -0.08500 0.00000 -0.05500
v -0.08500 0.08500 -0.05500
v -0.08500 0.08500 -0.06000
v -0.08500 0.08500 -0.05500
v 0.08500 0.08500 -0.05500
v 0.08500 0.08500 -0.06000
v -0.08500 0.08500 -0.06000
v -0.08500 0.00000 -0.06000
v 0.08500 0.00000 -0.06000
v 0.08500 0.00000 -0.05500
v -0.08500 0.00000 -0.05500
v -0.08500 0.00000 0.06000
v -0.08000 0.00000 0.06000
v -0.08000 0.08500 0.06000
v -0.08500 0.08500 0.06000
v -0.08000 0.00000 -0.05500
v -0.08500 0.00000 -0.05500
v -0.08500 0.08500 -0.05500
v -0.08000 0.08500 -0.05500
v -0.08000 0.00000 0.06000
v -0.08000 0.00000 -0.05500
v -0.08000 0.08500 -0.05500
v -0.08000 0.08500 0.06000
v -0.08500 0.00000 -0.05500
v -0.08500 0.00000 0.06000
v -0.08500 0.08500 0.06000
v -0.08500 0.08500 -0.05500
v -0.08500 0.08500 0.06000
v -0.08000 0.08500 0.06000
v -0.08000 0.08500 -0.05500
v -0.08500 0.08500 -0.05500
v -0.08500 0.00000 -0.05500
v -0.08000 0.00000 -0.05500
v -0.08000 0.00000 0.06000
v -0.08500 0.00000 0.06000
v -0.08500 0.00000 -0.05320
v 0.08500 0.00000 -0.05320
v 0.08500 0.00500 -0.05320
v -0.08500 0.00500 -0.05320
v 0.08500 0.00000 -0.05500
v -0.08500 0.00000 -0.05500
v -0.08500 0.00500 -0.05500
v 0.08500 0.00500 -0.05500
v 0.08500 0.00000 -0.05320
v 0.08500 0.00000 -0.05500
v 0.08500 0.00500 -0.05500
v 0.08500 0.00500 -0.05320
v -0.08500 0.00000 -0.05500
v -0.08500 0.00000 -0.05320
v -0.08500 0.00500 -0.05320
v -0.08500 0.00500 -0.05500
v -0.08500 0.00500 -0.05320
v 0.08500 0.00500 -0.05320
v 0.08500 0.00500 -0.05500
v -0.08500 0.00500 -0.05500
v -0.08500 0.00000 -0.05500
v 0.08500 0.00000 -0.05500
v 0.08500 0.00000 -0.05320
v -0.08500 0.00000 -0.05320
v -0.08000 0.00000 0.05800
v -0.07820 0.00000 0.05800
v -0.07820 0.00500 0.05800
v -0.08000 0.00500 0.05800
v -0.07820 0.00000 -0.05200
v -0.08000 0.00000 -0.05200
v -0.08000 0.00500 -0.05200
v -0.07820 0.00500 -0.05200
v -0.07820 0.00000 0.05800
v -0.07820 0.00000 -0.05200
v -0.07820 0.00500 -0.05200
v -0.07820 0.00500 0.05800
v -0.08000 0.00000 -0.05200
v -0.08000 0.00000 0.05800
v -0.08000 0.00500 0.05800
v -0.08000 0.00500 -0.05200
v -0.08000 0.00500 0.05800
v -0.07820 0.00500 0.05800
v -0.07820 0.00500 -0.05200
v -0.08000 0.00500 -0.05200
v -0.08000 0.00000 -0.05200
v -0.07820 0.00000 -0.05200
v -0.07820 0.00000 0.05800
v -0.08000 0.00000 0.05800
v -0.07900 0.03800 -0.05240
v -0.03700 0.03800 -0.05240
v -0.03700 0.07400 -0.05240
v -0.07900 0.07400 -0.05240
v -0.03700 0.03800 -0.05480
v -0.07900 0.03800 -0.05480
v -0.07900 0.07400 -0.05480
v -0.03700 0.07400 -0.05480
v -0.03700 0.03800 -0.05240
v -0.03700 0.03800 -0.05480
v -0.03700 0.07400 -0.05480
v -0.03700 0.07400 -0.05240
v -0.07900 0.03800 -0.05480
v -0.07900 0.03800 -0.05240
v -0.07900 0.07400 -0.05240
v -0.07900 0.07400 -0.05480
v -0.07900 0.07400 -0.05240
v -0.03700 0.07400 -0.05240
v -0.03700 0.07400 -0.05480
v -0.07900 0.07400 -0.05480
v -0.07900 0.03800 -0.05480
v -0.03700 0.03800 -0.05480
v -0.03700 0.03800 -0.05240
v -0.07900 0.03800 -0.05240
v -0.07600 0.04100 -0.05110
v -0.04000 0.04100 -0.05110
v -0.04000 0.07100 -0.05110
v -0.07600 0.07100 -0.05110
v -0.04000 0.04100 -0.05230
v -0.07600 0.04100 -0.05230
v -0.07600 0.07100 -0.05230
v -0.04000 0.07100 -0.05230
v -0.04000 0.04100 -0.05110
v -0.04000 0.04100 -0.05230
v -0.04000 0.07100 -0.05230
v -0.04000 0.07100 -0.05110
v -0.07600 0.04100 -0.05230
v -0.07600 0.04100 -0.05110
v -0.07600 0.07100 -0.05110
v -0.07600 0.07100 -0.05230
v -0.07600 0.07100 -0.05110
v -0.04000 0.07100 -0.05110
v -0.04000 0.07100 -0.05230
v -0.07600 0.07100 -0.05230
v -0.07600 0.04100 -0.05230
v -0.04000 0.04100 -0.05230
v -0.04000 0.04100 -0.05110
v -0.07600 0.04100 -0.05110
v -0.05900 0.04100 -0.04920
v -0.05700 0.04100 -0.04920
v -0.05700 0.07100 -0.04920
v -0.05900 0.07100 -0.04920
v -0.05700 0.04100 -0.05080
v -0.05900 0.04100 -0.05080
v -0.05900 0.07100 -0.05080
v -0.05700 0.07100 -0.05080
v -0.05700 0.04100 -0.04920
v -0.05700 0.04100 -0.05080
v -0.05700 0.07100 -0.05080
v -0.05700 0.07100 -0.04920
v -0.05900 0.04100 -0.05080
v -0.05900 0.04100 -0.04920
v -0.05900 0.07100 -0.04920
v -0.05900 0.07100 -0.05080
v -0.05900 0.07100 -0.04920
v -0.05700 0.07100 -0.04920
v -0.05700 0.07100 -0.05080
v -0.05900 0.07100 -0.05080
v -0.05900 0.04100 -0.05080
v -0.05700 0.04100 -0.05080
v -0.05700 0.04100 -0.04920
v -0.05900 0.04100 -0.04920
v -0.07600 0.05500 -0.04920
v -0.04000 0.05500 -0.04920
v -0.04000 0.05700 -0.04920
v -0.07600 0.05700 -0.04920
v -0.04000 0.05500 -0.05080
v -0.07600 0.05500 -0.05080
v -0.07600 0.05700 -0.05080
v -0.04000 0.05700 -0.05080
v -0.04000 0.05500 -0.04920
v -0.04000 0.05500 -0.05080
v -0.04000 0.05700 -0.05080
v -0.04000 0.05700 -0.04920
v -0.07600 0.05500 -0.05080
v -0.07600 0.05500 -0.04920
v -0.07600 0.05700 -0.04920
v -0.07600 0.05700 -0.05080
v -0.07600 0.05700 -0.04920
v -0.04000 0.05700 -0.04920
v -0.04000 0.05700 -0.05080
v -0.07600 0.05700 -0.05080
v -0.07600 0.05500 -0.05080
v -0.04000 0.05500 -0.05080
v -0.04000 0.05500 -0.04920
v -0.07600 0.05500 -0.04920
v 0.05200 0.04300 -0.05240
v 0.07600 0.04300 -0.05240
v 0.07600 0.07300 -0.05240
v 0.05200 0.07300 -0.05240
v 0.07600 0.04300 -0.05480
v 0.05200 0.04300 -0.05480
v 0.05200 0.07300 -0.05480
v 0.07600 0.07300 -0.05480
v 0.07600 0.04300 -0.05240
v 0.07600 0.04300 -0.05480
v 0.07600 0.07300 -0.05480
v 0.07600 0.07300 -0.05240
v 0.05200 0.04300 -0.05480
v 0.05200 0.04300 -0.05240
v 0.05200 0.07300 -0.05240
v 0.05200 0.07300 -0.05480
v 0.05200 0.07300 -0.05240
v 0.07600 0.07300 -0.05240
v 0.07600 0.07300 -0.05480
v 0.05200 0.07300 -0.05480
v 0.05200 0.04300 -0.05480
v 0.07600 0.04300 -0.05480
v 0.07600 0.04300 -0.05240
v 0.05200 0.04300 -0.05240
v 0.05450 0.04550 -0.05110
v 0.07350 0.04550 -0.05110
v 0.07350 0.07050 -0.05110
v 0.05450 0.07050 -0.05110
v 0.07350 0.04550 -0.05230
v 0.05450 0.04550 -0.05230
v 0.05450 0.07050 -0.05230
v 0.07350 0.07050 -0.05230
v 0.07350 0.04550 -0.05110
v 0.07350 0.04550 -0.05230
v 0.07350 0.07050 -0.05230
v 0.07350 0.07050 -0.05110
v 0.05450 0.04550 -0.05230
v 0.05450 0.04550 -0.05110
v 0.05450 0.07050 -0.05110
v 0.05450 0.07050 -0.05230
v 0.05450 0.07050 -0.05110
v 0.07350 0.07050 -0.05110
v 0.07350 0.07050 -0.05230
v 0.05450 0.07050 -0.05230
v 0.05450 0.04550 -0.05230
v 0.07350 0.04550 -0.05230
v 0.07350 0.04550 -0.05110
v 0.05450 0.04550 -0.05110
v 0.06400 0.05349 -0.04950
v 0.07001 0.05950 -0.04950
v 0.06400 0.06551 -0.04950
v 0.05799 0.05950 -0.04950
v 0.07001 0.05950 -0.05050
v 0.06400 0.05349 -0.05050
v 0.05799 0.05950 -0.05050
v 0.06400 0.06551 -0.05050
v 0.07001 0.05950 -0.04950
v 0.07001 0.05950 -0.05050
v 0.06400 0.06551 -0.05050
v 0.06400 0.06551 -0.04950
v 0.06400 0.05349 -0.05050
v 0.06400 0.05349 -0.04950
v 0.05799 0.05950 -0.04950
v 0.05799 0.05950 -0.05050
v 0.05799 0.05950 -0.04950
v 0.06400 0.06551 -0.04950
v 0.06400 0.06551 -0.05050
v 0.05799 0.05950 -0.05050
v 0.06400 0.05349 -0.05050
v 0.07001 0.05950 -0.05050
v 0.07001 0.05950 -0.04950
v 0.06400 0.05349 -0.04950
v -0.08200 0.04425 0.00300
v -0.06600 0.04425 0.00300
v -0.06600 0.04775 0.00300
v -0.08200 0.04775 0.00300
v -0.06600 0.04425 -0.04300
v -0.08200 0.04425 -0.04300
v -0.08200 0.04775 -0.04300
v -0.06600 0.04775 -0.04300
v -0.06600 0.04425 0.00300
v -0.06600 0.04425 -0.04300
v -0.06600 0.04775 -0.04300
v -0.06600 0.04775 0.00300
v -0.08200 0.04425 -0.04300
v -0.08200 0.04425 0.00300
v -0.08200 0.04775 0.00300
v -0.08200 0.04775 -0.04300
v -0.08200 0.04775 0.00300
v -0.06600 0.04775 0.00300
v -0.06600 0.04775 -0.04300
v -0.08200 0.04775 -0.04300
v -0.08200 0.04425 -0.04300
v -0.06600 0.04425 -0.04300
v -0.06600 0.04425 0.00300
v -0.08200 0.04425 0.00300
v -0.08200 0.03420 -0.03710
v -0.07100 0.03420 -0.03710
v -0.07100 0.04420 -0.03710
v -0.08200 0.04420 -0.03710
v -0.07100 0.03420 -0.03890
v -0.08200 0.03420 -0.03890
v -0.08200 0.04420 -0.03890
v -0.07100 0.04420 -0.03890
v -0.07100 0.03420 -0.03710
v -0.07100 0.03420 -0.03890
v -0.07100 0.04420 -0.03890
v -0.07100 0.04420 -0.03710
v -0.08200 0.03420 -0.03890
v -0.08200 0.03420 -0.03710
v -0.08200 0.04420 -0.03710
v -0.08200 0.04420 -0.03890
v -0.08200 0.04420 -0.03710
v -0.07100 0.04420 -0.03710
v -0.07100 0.04420 -0.03890
v -0.08200 0.04420 -0.03890
v -0.08200 0.03420 -0.03890
v -0.07100 0.03420 -0.03890
v -0.07100 0.03420 -0.03710
v -0.08200 0.03420 -0.03710
v -0.08200 0.03420 -0.00110
v -0.07100 0.03420 -0.00110
v -0.07100 0.04420 -0.00110
v -0.08200 0.04420 -0.00110
v -0.07100 0.03420 -0.00290
v -0.08200 0.03420 -0.00290
v -0.08200 0.04420 -0.00290
v -0.07100 0.04420 -0.00290
v -0.07100 0.03420 -0.00110
v -0.07100 0.03420 -0.00290
v -0.07100 0.04420 -0.00290
v -0.07100 0.04420 -0.00110
v -0.08200 0.03420 -0.00290
v -0.08200 0.03420 -0.00110
v -0.08200 0.04420 -0.00110
v -0.08200 0.04420 -0.00290
v -0.08200 0.04420 -0.00110
v -0.07100 0.04420 -0.00110
v -0.07100 0.04420 -0.00290
v -0.08200 0.04420 -0.00290
v -0.08200 0.03420 -0.00290
v -0.07100 0.03420 -0.00290
v -0.07100 0.03420 -0.00110
v -0.08200 0.03420 -0.00110
v -0.08050 0.04780 -0.03580
v -0.06750 0.04780 -0.03580
v -0.06750 0.06480 -0.03580
v -0.08050 0.06480 -0.03580
v -0.06750 0.04780 -0.04100
v -0.08050 0.04780 -0.04100
v -0.08050 0.06480 -0.04100
v -0.06750 0.06480 -0.04100
v -0.06750 0.04780 -0.03580
v -0.06750 0.04780 -0.04100
v -0.06750 0.06480 -0.04100
v -0.06750 0.06480 -0.03580
v -0.08050 0.04780 -0.04100
v -0.08050 0.04780 -0.03580
v -0.08050 0.06480 -0.03580
v -0.08050 0.06480 -0.04100
v -0.08050 0.06480 -0.03580
v -0.06750 0.06480 -0.03580
v -0.06750 0.06480 -0.04100
v -0.08050 0.06480 -0.04100
v -0.08050 0.04780 -0.04100
v -0.06750 0.04780 -0.04100
v -0.06750 0.04780 -0.03580
v -0.08050 0.04780 -0.03580
v -0.08050 0.04780 -0.03050
v -0.06750 0.04780 -0.03050
v -0.06750 0.06080 -0.03050
v -0.08050 0.06080 -0.03050
v -0.06750 0.04780 -0.03470
v -0.08050 0.04780 -0.03470
v -0.08050 0.06080 -0.03470
v -0.06750 0.06080 -0.03470
v -0.06750 0.04780 -0.03050
v -0.06750 0.04780 -0.03470
v -0.06750 0.06080 -0.03470
v -0.06750 0.06080 -0.03050
v -0.08050 0.04780 -0.03470
v -0.08050 0.04780 -0.03050
v -0.08050 0.06080 -0.03050
v -0.08050 0.06080 -0.03470
v -0.08050 0.06080 -0.03050
v -0.06750 0.06080 -0.03050
v -0.06750 0.06080 -0.03470
v -0.08050 0.06080 -0.03470
v -0.08050 0.04780 -0.03470
v -0.06750 0.04780 -0.03470
v -0.06750 0.04780 -0.03050
v -0.08050 0.04780 -0.03050
v -0.08050 0.04780 -0.02320
v -0.06750 0.04780 -0.02320
v -0.06750 0.06680 -0.02320
v -0.08050 0.06680 -0.02320
v -0.06750 0.04780 -0.02940
v -0.08050 0.04780 -0.02940
v -0.08050 0.06680 -0.02940
v -0.06750 0.06680 -0.02940
v -0.06750 0.04780 -0.02320
v -0.06750 0.04780 -0.02940
v -0.06750 0.06680 -0.02940
v -0.06750 0.06680 -0.02320
v -0.08050 0.04780 -0.02940
v -0.08050 0.04780 -0.02320
v -0.08050 0.06680 -0.02320
v -0.08050 0.06680 -0.02940
v -0.08050 0.06680 -0.02320
v -0.06750 0.06680 -0.02320
v -0.06750 0.06680 -0.02940
v -0.08050 0.06680 -0.02940
v -0.08050 0.04780 -0.02940
v -0.06750 0.04780 -0.02940
v -0.06750 0.04780 -0.02320
v -0.08050 0.04780 -0.02320
v -0.08050 0.04780 -0.01750
v -0.06750 0.04780 -0.01750
v -0.06750 0.06280 -0.01750
v -0.08050 0.06280 -0.01750
v -0.06750 0.04780 -0.02210
v -0.08050 0.04780 -0.02210
v -0.08050 0.06280 -0.02210
v -0.06750 0.06280 -0.02210
v -0.06750 0.04780 -0.01750
v -0.06750 0.04780 -0.02210
v -0.06750 0.06280 -0.02210
v -0.06750 0.06280 -0.01750
v -0.08050 0.04780 -0.02210
v -0.08050 0.04780 -0.01750
v -0.08050 0.06280 -0.01750
v -0.08050 0.06280 -0.02210
v -0.08050 0.06280 -0.01750
v -0.06750 0.06280 -0.01750
v -0.06750 0.06280 -0.02210
v -0.08050 0.06280 -0.02210
v -0.08050 0.04780 -0.02210
v -0.06750 0.04780 -0.02210
v -0.06750 0.04780 -0.01750
v -0.08050 0.04780 -0.01750
v -0.08050 0.04825 -0.00999
v -0.06750 0.04825 -0.00999
v -0.06750 0.06013 -0.01166
v -0.08050 0.06013 -0.01166
v -0.06750 0.04747 -0.01554
v -0.08050 0.04747 -0.01554
v -0.08050 0.05935 -0.01721
v -0.06750 0.05935 -0.01721
v -0.06750 0.04825 -0.00999
v -0.06750 0.04747 -0.01554
v -0.06750 0.05935 -0.01721
v -0.06750 0.06013 -0.01166
v -0.08050 0.04747 -0.01554
v -0.08050 0.04825 -0.00999
v -0.08050 0.06013 -0.01166
v -0.08050 0.05935 -0.01721
v -0.08050 0.06013 -0.01166
v -0.06750 0.06013 -0.01166
v -0.06750 0.05935 -0.01721
v -0.08050 0.05935 -0.01721
v -0.08050 0.04747 -0.01554
v -0.06750 0.04747 -0.01554
v -0.06750 0.04825 -0.00999
v -0.08050 0.04825 -0.00999
v -0.04500 0.03350 -0.01500
v 0.04500 0.03350 -0.01500
v 0.04500 0.03800 -0.01500
v -0.04500 0.03800 -0.01500
v 0.04500 0.03350 -0.05300
v -0.04500 0.03350 -0.05300
v -0.04500 0.03800 -0.05300
v 0.04500 0.03800 -0.05300
v 0.04500 0.03350 -0.01500
v 0.04500 0.03350 -0.05300
v 0.04500 0.03800 -0.05300
v 0.04500 0.03800 -0.01500
v -0.04500 0.03350 -0.05300
v -0.04500 0.03350 -0.01500
v -0.04500 0.03800 -0.01500
v -0.04500 0.03800 -0.05300
v -0.04500 0.03800 -0.01500
v 0.04500 0.03800 -0.01500
v 0.04500 0.03800 -0.05300
v -0.04500 0.03800 -0.05300
v -0.04500 0.03350 -0.05300
v 0.04500 0.03350 -0.05300
v 0.04500 0.03350 -0.01500
v -0.04500 0.03350 -0.01500
v -0.04175 0.00000 -0.04625
v -0.03825 0.00000 -0.04625
v -0.03825 0.03350 -0.04625
v -0.04175 0.03350 -0.04625
v -0.03825 0.00000 -0.04975
v -0.04175 0.00000 -0.04975
v -0.04175 0.03350 -0.04975
v -0.03825 0.03350 -0.04975
v -0.03825 0.00000 -0.04625
v -0.03825 0.00000 -0.04975
v -0.03825 0.03350 -0.04975
v -0.03825 0.03350 -0.04625
v -0.04175 0.00000 -0.04975
v -0.04175 0.00000 -0.04625
v -0.04175 0.03350 -0.04625
v -0.04175 0.03350 -0.04975
v -0.04175 0.03350 -0.04625
v -0.03825 0.03350 -0.04625
v -0.03825 0.03350 -0.04975
v -0.04175 0.03350 -0.04975
v -0.04175 0.00000 -0.04975
v -0.03825 0.00000 -0.04975
v -0.03825 0.00000 -0.04625
v -0.04175 0.00000 -0.04625
v -0.04175 0.00000 -0.01825
v -0.03825 0.00000 -0.01825
v -0.03825 0.03350 -0.01825
v -0.04175 0.03350 -0.01825
v -0.03825 0.00000 -0.02175
v -0.04175 0.00000 -0.02175
v -0.04175 0.03350 -0.02175
v -0.03825 0.03350 -0.02175
v -0.03825 0.00000 -0.01825
v -0.03825 0.00000 -0.02175
v -0.03825 0.03350 -0.02175
v -0.03825 0.03350 -0.01825
v -0.04175 0.00000 -0.02175
v -0.04175 0.00000 -0.01825
v -0.04175 0.03350 -0.01825
v -0.04175 0.03350 -0.02175
v -0.04175 0.03350 -0.01825
v -0.03825 0.03350 -0.01825
v -0.03825 0.03350 -0.02175
v -0.04175 0.03350 -0.02175
v -0.04175 0.00000 -0.02175
v -0.03825 0.00000 -0.02175
v -0.03825 0.00000 -0.01825
v -0.04175 0.00000 -0.01825
v 0.03825 0.00000 -0.04625
v 0.04175 0.00000 -0.04625
v 0.04175 0.03350 -0.04625
v 0.03825 0.03350 -0.04625
v 0.04175 0.00000 -0.04975
v 0.03825 0.00000 -0.04975
v 0.03825 0.03350 -0.04975
v 0.04175 0.03350 -0.04975
v 0.04175 0.00000 -0.04625
v 0.04175 0.00000 -0.04975
v 0.04175 0.03350 -0.04975
v 0.04175 0.03350 -0.04625
v 0.03825 0.00000 -0.04975
v 0.03825 0.00000 -0.04625
v 0.03825 0.03350 -0.04625
v 0.03825 0.03350 -0.04975
v 0.03825 0.03350 -0.04625
v 0.04175 0.03350 -0.04625
v 0.04175 0.03350 -0.04975
v 0.03825 0.03350 -0.04975
v 0.03825 0.00000 -0.04975
v 0.04175 0.00000 -0.04975
v 0.04175 0.00000 -0.04625
v 0.03825 0.00000 -0.04625
v 0.03825 0.00000 -0.01825
v 0.04175 0.00000 -0.01825
v 0.04175 0.03350 -0.01825
v 0.03825 0.03350 -0.01825
v 0.04175 0.00000 -0.02175
v 0.03825 0.00000 -0.02175
v 0.03825 0.03350 -0.02175
v 0.04175 0.03350 -0.02175
v 0.04175 0.00000 -0.01825
v 0.04175 0.00000 -0.02175
v 0.04175 0.03350 -0.02175
v 0.04175 0.03350 -0.01825
v 0.03825 0.00000 -0.02175
v 0.03825 0.00000 -0.01825
v 0.03825 0.03350 -0.01825
v 0.03825 0.03350 -0.02175
v 0.03825 0.03350 -0.01825
v 0.04175 0.03350 -0.01825
v 0.04175 0.03350 -0.02175
v 0.03825 0.03350 -0.02175
v 0.03825 0.00000 -0.02175
v 0.04175 0.00000 -0.02175
v 0.04175 0.00000 -0.01825
v 0.03825 0.00000 -0.01825
v -0.04100 0.00970 -0.01870
v 0.04100 0.00970 -0.01870
v 0.04100 0.01230 -0.01870
v -0.04100 0.01230 -0.01870
v 0.04100 0.00970 -0.02130
v -0.04100 0.00970 -0.02130
v -0.04100 0.01230 -0.02130
v 0.04100 0.01230 -0.02130
v 0.04100 0.00970 -0.01870
v 0.04100 0.00970 -0.02130
v 0.04100 0.01230 -0.02130
v 0.04100 0.01230 -0.01870
v -0.04100 0.00970 -0.02130
v -0.04100 0.00970 -0.01870
v -0.04100 0.01230 -0.01870
v -0.04100 0.01230 -0.02130
v -0.04100 0.01230 -0.01870
v 0.04100 0.01230 -0.01870
v 0.04100 0.01230 -0.02130
v -0.04100 0.01230 -0.02130
v -0.04100 0.00970 -0.02130
v 0.04100 0.00970 -0.02130
v 0.04100 0.00970 -0.01870
v -0.04100 0.00970 -0.01870
v -0.01400 0.03800 -0.03750
v 0.00600 0.03800 -0.03750
v 0.00600 0.04060 -0.03750
v -0.01400 0.04060 -0.03750
v 0.00600 0.03800 -0.05050
v -0.01400 0.03800 -0.05050
v -0.01400 0.04060 -0.05050
v 0.00600 0.04060 -0.05050
v 0.00600 0.03800 -0.03750
v 0.00600 0.03800 -0.05050
v 0.00600 0.04060 -0.05050
v 0.00600 0.04060 -0.03750
v -0.01400 0.03800 -0.05050
v -0.01400 0.03800 -0.03750
v -0.01400 0.04060 -0.03750
v -0.01400 0.04060 -0.05050
v -0.01400 0.04060 -0.03750
v 0.00600 0.04060 -0.03750
v 0.00600 0.04060 -0.05050
v -0.01400 0.04060 -0.05050
v -0.01400 0.03800 -0.05050
v 0.00600 0.03800 -0.05050
v 0.00600 0.03800 -0.03750
v -0.01400 0.03800 -0.03750
v -0.00650 0.04000 -0.04290
v -0.00150 0.04000 -0.04290
v -0.00150 0.05500 -0.04290
v -0.00650 0.05500 -0.04290
v -0.00150 0.04000 -0.04670
v -0.00650 0.04000 -0.04670
v -0.00650 0.05500 -0.04670
v -0.00150 0.05500 -0.04670
v -0.00150 0.04000 -0.04290
v -0.00150 0.04000 -0.04670
v -0.00150 0.05500 -0.04670
v -0.00150 0.05500 -0.04290
v -0.00650 0.04000 -0.04670
v -0.00650 0.04000 -0.04290
v -0.00650 0.05500 -0.04290
v -0.00650 0.05500 -0.04670
v -0.00650 0.05500 -0.04290
v -0.00150 0.05500 -0.04290
v -0.00150 0.05500 -0.04670
v -0.00650 0.05500 -0.04670
v -0.00650 0.04000 -0.04670
v -0.00150 0.04000 -0.04670
v -0.00150 0.04000 -0.04290
v -0.00650 0.04000 -0.04290
v -0.02600 0.05431 -0.04368
v 0.01800 0.05431 -0.04368
v 0.01800 0.08012 -0.04685
v -0.02600 0.08012 -0.04685
v 0.01800 0.05388 -0.04715
v -0.02600 0.05388 -0.04715
v -0.02600 0.07969 -0.05032
v 0.01800 0.07969 -0.05032
v 0.01800 0.05431 -0.04368
v 0.01800 0.05388 -0.04715
v 0.01800 0.07969 -0.05032
v 0.01800 0.08012 -0.04685
v -0.02600 0.05388 -0.04715
v -0.02600 0.05431 -0.04368
v -0.02600 0.08012 -0.04685
v -0.02600 0.07969 -0.05032
v -0.02600 0.08012 -0.04685
v 0.01800 0.08012 -0.04685
v 0.01800 0.07969 -0.05032
v -0.02600 0.07969 -0.05032
v -0.02600 0.05388 -0.04715
v 0.01800 0.05388 -0.04715
v 0.01800 0.05431 -0.04368
v -0.02600 0.05431 -0.04368
v -0.02300 0.05755 -0.04239
v 0.01500 0.05755 -0.04239
v 0.01500 0.07740 -0.04482
v -0.02300 0.07740 -0.04482
v 0.01500 0.05740 -0.04358
v -0.02300 0.05740 -0.04358
v -0.02300 0.07725 -0.04601
v 0.01500 0.07725 -0.04601
v 0.01500 0.05755 -0.04239
v 0.01500 0.05740 -0.04358
v 0.01500 0.07725 -0.04601
v 0.01500 0.07740 -0.04482
v -0.02300 0.05740 -0.04358
v -0.02300 0.05755 -0.04239
v -0.02300 0.07740 -0.04482
v -0.02300 0.07725 -0.04601
v -0.02300 0.07740 -0.04482
v 0.01500 0.07740 -0.04482
v 0.01500 0.07725 -0.04601
v -0.02300 0.07725 -0.04601
v -0.02300 0.05740 -0.04358
v 0.01500 0.05740 -0.04358
v 0.01500 0.05755 -0.04239
v -0.02300 0.05755 -0.04239
v -0.01900 0.03800 -0.01850
v 0.01500 0.03800 -0.01850
v 0.01500 0.04020 -0.01850
v -0.01900 0.04020 -0.01850
v 0.01500 0.03800 -0.02950
v -0.01900 0.03800 -0.02950
v -0.01900 0.04020 -0.02950
v 0.01500 0.04020 -0.02950
v 0.01500 0.03800 -0.01850
v 0.01500 0.03800 -0.02950
v 0.01500 0.04020 -0.02950
v 0.01500 0.04020 -0.01850
v -0.01900 0.03800 -0.02950
v -0.01900 0.03800 -0.01850
v -0.01900 0.04020 -0.01850
v -0.01900 0.04020 -0.02950
v -0.01900 0.04020 -0.01850
v 0.01500 0.04020 -0.01850
v 0.01500 0.04020 -0.02950
v -0.01900 0.04020 -0.02950
v -0.01900 0.03800 -0.02950
v 0.01500 0.03800 -0.02950
v 0.01500 0.03800 -0.01850
v -0.01900 0.03800 -0.01850
v 0.01590 0.03800 -0.01925
v 0.02210 0.03800 -0.01925
v 0.02210 0.04060 -0.01925
v 0.01590 0.04060 -0.01925
v 0.02210 0.03800 -0.02875
v 0.01590 0.03800 -0.02875
v 0.01590 0.04060 -0.02875
v 0.02210 0.04060 -0.02875
v 0.02210 0.03800 -0.01925
v 0.02210 0.03800 -0.02875
v 0.02210 0.04060 -0.02875
v 0.02210 0.04060 -0.01925
v 0.01590 0.03800 -0.02875
v 0.01590 0.03800 -0.01925
v 0.01590 0.04060 -0.01925
v 0.01590 0.04060 -0.02875
v 0.01590 0.04060 -0.01925
v 0.02210 0.04060 -0.01925
v 0.02210 0.04060 -0.02875
v 0.01590 0.04060 -0.02875
v 0.01590 0.03800 -0.02875
v 0.02210 0.03800 -0.02875
v 0.02210 0.03800 -0.01925
v 0.01590 0.03800 -0.01925
v -0.02620 0.03800 -0.04300
v -0.02671 0.03800 -0.04110
v -0.02619 0.04600 -0.04080
v -0.02560 0.04600 -0.04300
v -0.02671 0.03800 -0.04110
v -0.02810 0.03800 -0.03971
v -0.02780 0.04600 -0.03919
v -0.02619 0.04600 -0.04080
v -0.02810 0.03800 -0.03971
v -0.03000 0.03800 -0.03920
v -0.03000 0.04600 -0.03860
v -0.02780 0.04600 -0.03919
v -0.03000 0.03800 -0.03920
v -0.03190 0.03800 -0.03971
v -0.03220 0.04600 -0.03919
v -0.03000 0.04600 -0.03860
v -0.03190 0.03800 -0.03971
v -0.03329 0.03800 -0.04110
v -0.03381 0.04600 -0.04080
v -0.03220 0.04600 -0.03919
v -0.03329 0.03800 -0.04110
v -0.03380 0.03800 -0.04300
v -0.03440 0.04600 -0.04300
v -0.03381 0.04600 -0.04080
v -0.03380 0.03800 -0.04300
v -0.03329 0.03800 -0.04490
v -0.03381 0.04600 -0.04520
v -0.03440 0.04600 -0.04300
v -0.03329 0.03800 -0.04490
v -0.03190 0.03800 -0.04629
v -0.03220 0.04600 -0.04681
v -0.03381 0.04600 -0.04520
v -0.03190 0.03800 -0.04629
v -0.03000 0.03800 -0.04680
v -0.03000 0.04600 -0.04740
v -0.03220 0.04600 -0.04681
v -0.03000 0.03800 -0.04680
v -0.02810 0.03800 -0.04629
v -0.02780 0.04600 -0.04681
v -0.03000 0.04600 -0.04740
v -0.02810 0.03800 -0.04629
v -0.02671 0.03800 -0.04490
v -0.02619 0.04600 -0.04520
v -0.02780 0.04600 -0.04681
v -0.02671 0.03800 -0.04490
v -0.02620 0.03800 -0.04300
v -0.02560 0.04600 -0.04300
v -0.02619 0.04600 -0.04520
v -0.03000 0.04600 -0.04300
v -0.02560 0.04600 -0.04300
v -0.02619 0.04600 -0.04080
v -0.03000 0.03800 -0.04300
v -0.02671 0.03800 -0.04110
v -0.02620 0.03800 -0.04300
v -0.03000 0.04600 -0.04300
v -0.02619 0.04600 -0.04080
v -0.02780 0.04600 -0.03919
v -0.03000 0.03800 -0.04300
v -0.02810 0.03800 -0.03971
v -0.02671 0.03800 -0.04110
v -0.03000 0.04600 -0.04300
v -0.02780 0.04600 -0.03919
v -0.03000 0.04600 -0.03860
v -0.03000 0.03800 -0.04300
v -0.03000 0.03800 -0.03920
v -0.02810 0.03800 -0.03971
v -0.03000 0.04600 -0.04300
v -0.03000 0.04600 -0.03860
v -0.03220 0.04600 -0.03919
v -0.03000 0.03800 -0.04300
v -0.03190 0.03800 -0.03971
v -0.03000 0.03800 -0.03920
v -0.03000 0.04600 -0.04300
v -0.03220 0.04600 -0.03919
v -0.03381 0.04600 -0.04080
v -0.03000 0.03800 -0.04300
v -0.03329 0.03800 -0.04110
v -0.03190 0.03800 -0.03971
v -0.03000 0.04600 -0.04300
v -0.03381 0.04600 -0.04080
v -0.03440 0.04600 -0.04300
v -0.03000 0.03800 -0.04300
v -0.03380 0.03800 -0.04300
v -0.03329 0.03800 -0.04110
v -0.03000 0.04600 -0.04300
v -0.03440 0.04600 -0.04300
v -0.03381 0.04600 -0.04520
v -0.03000 0.03800 -0.04300
v -0.03329 0.03800 -0.04490
v -0.03380 0.03800 -0.04300
v -0.03000 0.04600 -0.04300
v -0.03381 0.04600 -0.04520
v -0.03220 0.04600 -0.04681
v -0.03000 0.03800 -0.04300
v -0.03190 0.03800 -0.04629
v -0.03329 0.03800 -0.04490
v -0.03000 0.04600 -0.04300
v -0.03220 0.04600 -0.04681
v -0.03000 0.04600 -0.04740
v -0.03000 0.03800 -0.04300
v -0.03000 0.03800 -0.04680
v -0.03190 0.03800 -0.04629
v -0.03000 0.04600 -0.04300
v -0.03000 0.04600 -0.04740
v -0.02780 0.04600 -0.04681
v -0.03000 0.03800 -0.04300
v -0.02810 0.03800 -0.04629
v -0.03000 0.03800 -0.04680
v -0.03000 0.04600 -0.04300
v -0.02780 0.04600 -0.04681
v -0.02619 0.04600 -0.04520
v -0.03000 0.03800 -0.04300
v -0.02671 0.03800 -0.04490
v -0.02810 0.03800 -0.04629
v -0.03000 0.04600 -0.04300
v -0.02619 0.04600 -0.04520
v -0.02560 0.04600 -0.04300
v -0.03000 0.03800 -0.04300
v -0.02620 0.03800 -0.04300
v -0.02671 0.03800 -0.04490
v -0.03460 0.03800 -0.02600
v -0.03525 0.03800 -0.02400
v -0.03460 0.04400 -0.02353
v -0.03380 0.04400 -0.02600
v -0.03525 0.03800 -0.02400
v -0.03695 0.03800 -0.02277
v -0.03670 0.04400 -0.02201
v -0.03460 0.04400 -0.02353
v -0.03695 0.03800 -0.02277
v -0.03905 0.03800 -0.02277
v -0.03930 0.04400 -0.02201
v -0.03670 0.04400 -0.02201
v -0.03905 0.03800 -0.02277
v -0.04075 0.03800 -0.02400
v -0.04140 0.04400 -0.02353
v -0.03930 0.04400 -0.02201
v -0.04075 0.03800 -0.02400
v -0.04140 0.03800 -0.02600
v -0.04220 0.04400 -0.02600
v -0.04140 0.04400 -0.02353
v -0.04140 0.03800 -0.02600
v -0.04075 0.03800 -0.02800
v -0.04140 0.04400 -0.02847
v -0.04220 0.04400 -0.02600
v -0.04075 0.03800 -0.02800
v -0.03905 0.03800 -0.02923
v -0.03930 0.04400 -0.02999
v -0.04140 0.04400 -0.02847
v -0.03905 0.03800 -0.02923
v -0.03695 0.03800 -0.02923
v -0.03670 0.04400 -0.02999
v -0.03930 0.04400 -0.02999
v -0.03695 0.03800 -0.02923
v -0.03525 0.03800 -0.02800
v -0.03460 0.04400 -0.02847
v -0.03670 0.04400 -0.02999
v -0.03525 0.03800 -0.02800
v -0.03460 0.03800 -0.02600
v -0.03380 0.04400 -0.02600
v -0.03460 0.04400 -0.02847
v -0.03800 0.04400 -0.02600
v -0.03380 0.04400 -0.02600
v -0.03460 0.04400 -0.02353
v -0.03800 0.03800 -0.02600
v -0.03525 0.03800 -0.02400
v -0.03460 0.03800 -0.02600
v -0.03800 0.04400 -0.02600
v -0.03460 0.04400 -0.02353
v -0.03670 0.04400 -0.02201
v -0.03800 0.03800 -0.02600
v -0.03695 0.03800 -0.02277
v -0.03525 0.03800 -0.02400
v -0.03800 0.04400 -0.02600
v -0.03670 0.04400 -0.02201
v -0.03930 0.04400 -0.02201
v -0.03800 0.03800 -0.02600
v -0.03905 0.03800 -0.02277
v -0.03695 0.03800 -0.02277
v -0.03800 0.04400 -0.02600
v -0.03930 0.04400 -0.02201
v -0.04140 0.04400 -0.02353
v -0.03800 0.03800 -0.02600
v -0.04075 0.03800 -0.02400
v -0.03905 0.03800 -0.02277
v -0.03800 0.04400 -0.02600
v -0.04140 0.04400 -0.02353
v -0.04220 0.04400 -0.02600
v -0.03800 0.03800 -0.02600
v -0.04140 0.03800 -0.02600
v -0.04075 0.03800 -0.02400
v -0.03800 0.04400 -0.02600
v -0.04220 0.04400 -0.02600
v -0.04140 0.04400 -0.02847
v -0.03800 0.03800 -0.02600
v -0.04075 0.03800 -0.02800
v -0.04140 0.03800 -0.02600
v -0.03800 0.04400 -0.02600
v -0.04140 0.04400 -0.02847
v -0.03930 0.04400 -0.02999
v -0.03800 0.03800 -0.02600
v -0.03905 0.03800 -0.02923
v -0.04075 0.03800 -0.02800
v -0.03800 0.04400 -0.02600
v -0.03930 0.04400 -0.02999
v -0.03670 0.04400 -0.02999
v -0.03800 0.03800 -0.02600
v -0.03695 0.03800 -0.02923
v -0.03905 0.03800 -0.02923
v -0.03800 0.04400 -0.02600
v -0.03670 0.04400 -0.02999
v -0.03460 0.04400 -0.02847
v -0.03800 0.03800 -0.02600
v -0.03525 0.03800 -0.02800
v -0.03695 0.03800 -0.02923
v -0.03800 0.04400 -0.02600
v -0.03460 0.04400 -0.02847
v -0.03380 0.04400 -0.02600
v -0.03800 0.03800 -0.02600
v -0.03460 0.03800 -0.02600
v -0.03525 0.03800 -0.02800
v -0.03917 0.04449 -0.02368
v -0.03280 0.04874 -0.02000
v -0.03319 0.04951 -0.02022
v -0.03956 0.04526 -0.02390
v -0.03020 0.04874 -0.02450
v -0.03657 0.04449 -0.02818
v -0.03696 0.04526 -0.02840
v -0.03059 0.04951 -0.02472
v -0.03280 0.04874 -0.02000
v -0.03020 0.04874 -0.02450
v -0.03059 0.04951 -0.02472
v -0.03319 0.04951 -0.02022
v -0.03657 0.04449 -0.02818
v -0.03917 0.04449 -0.02368
v -0.03956 0.04526 -0.02390
v -0.03696 0.04526 -0.02840
v -0.03956 0.04526 -0.02390
v -0.03319 0.04951 -0.02022
v -0.03059 0.04951 -0.02472
v -0.03696 0.04526 -0.02840
v -0.03657 0.04449 -0.02818
v -0.03020 0.04874 -0.02450
v -0.03280 0.04874 -0.02000
v -0.03917 0.04449 -0.02368
v -0.03943 0.04449 -0.02818
v -0.04580 0.04874 -0.02450
v -0.04541 0.04951 -0.02472
v -0.03904 0.04526 -0.02840
v -0.04320 0.04874 -0.02000
v -0.03683 0.04449 -0.02368
v -0.03644 0.04526 -0.02390
v -0.04281 0.04951 -0.02022
v -0.04580 0.04874 -0.02450
v -0.04320 0.04874 -0.02000
v -0.04281 0.04951 -0.02022
v -0.04541 0.04951 -0.02472
v -0.03683 0.04449 -0.02368
v -0.03943 0.04449 -0.02818
v -0.03904 0.04526 -0.02840
v -0.03644 0.04526 -0.02390
v -0.03904 0.04526 -0.02840
v -0.04541 0.04951 -0.02472
v -0.04281 0.04951 -0.02022
v -0.03644 0.04526 -0.02390
v -0.03683 0.04449 -0.02368
v -0.04320 0.04874 -0.02000
v -0.04580 0.04874 -0.02450
v -0.03943 0.04449 -0.02818
v -0.03540 0.04449 -0.02614
v -0.03540 0.04874 -0.03351
v -0.03540 0.04951 -0.03306
v -0.03540 0.04526 -0.02569
v -0.04060 0.04874 -0.03351
v -0.04060 0.04449 -0.02614
v -0.04060 0.04526 -0.02569
v -0.04060 0.04951 -0.03306
v -0.03540 0.04874 -0.03351
v -0.04060 0.04874 -0.03351
v -0.04060 0.04951 -0.03306
v -0.03540 0.04951 -0.03306
v -0.04060 0.04449 -0.02614
v -0.03540 0.04449 -0.02614
v -0.03540 0.04526 -0.02569
v -0.04060 0.04526 -0.02569
v -0.03540 0.04526 -0.02569
v -0.03540 0.04951 -0.03306
v -0.04060 0.04951 -0.03306
v -0.04060 0.04526 -0.02569
v -0.04060 0.04449 -0.02614
v -0.04060 0.04874 -0.03351
v -0.03540 0.04874 -0.03351
v -0.03540 0.04449 -0.02614
v 0.04120 0.03800 -0.04400
v 0.04037 0.03800 -0.04090
v 0.03976 0.04020 -0.04125
v 0.04050 0.04020 -0.04400
v 0.04037 0.03800 -0.04090
v 0.03810 0.03800 -0.03863
v 0.03775 0.04020 -0.03924
v 0.03976 0.04020 -0.04125
v 0.03810 0.03800 -0.03863
v 0.03500 0.03800 -0.03780
v 0.03500 0.04020 -0.03850
v 0.03775 0.04020 -0.03924
v 0.03500 0.03800 -0.03780
v 0.03190 0.03800 -0.03863
v 0.03225 0.04020 -0.03924
v 0.03500 0.04020 -0.03850
v 0.03190 0.03800 -0.03863
v 0.02963 0.03800 -0.04090
v 0.03024 0.04020 -0.04125
v 0.03225 0.04020 -0.03924
v 0.02963 0.03800 -0.04090
v 0.02880 0.03800 -0.04400
v 0.02950 0.04020 -0.04400
v 0.03024 0.04020 -0.04125
v 0.02880 0.03800 -0.04400
v 0.02963 0.03800 -0.04710
v 0.03024 0.04020 -0.04675
v 0.02950 0.04020 -0.04400
v 0.02963 0.03800 -0.04710
v 0.03190 0.03800 -0.04937
v 0.03225 0.04020 -0.04876
v 0.03024 0.04020 -0.04675
v 0.03190 0.03800 -0.04937
v 0.03500 0.03800 -0.05020
v 0.03500 0.04020 -0.04950
v 0.03225 0.04020 -0.04876
v 0.03500 0.03800 -0.05020
v 0.03810 0.03800 -0.04937
v 0.03775 0.04020 -0.04876
v 0.03500 0.04020 -0.04950
v 0.03810 0.03800 -0.04937
v 0.04037 0.03800 -0.04710
v 0.03976 0.04020 -0.04675
v 0.03775 0.04020 -0.04876
v 0.04037 0.03800 -0.04710
v 0.04120 0.03800 -0.04400
v 0.04050 0.04020 -0.04400
v 0.03976 0.04020 -0.04675
v 0.03500 0.04020 -0.04400
v 0.04050 0.04020 -0.04400
v 0.03976 0.04020 -0.04125
v 0.03500 0.03800 -0.04400
v 0.04037 0.03800 -0.04090
v 0.04120 0.03800 -0.04400
v 0.03500 0.04020 -0.04400
v 0.03976 0.04020 -0.04125
v 0.03775 0.04020 -0.03924
v 0.03500 0.03800 -0.04400
v 0.03810 0.03800 -0.03863
v 0.04037 0.03800 -0.04090
v 0.03500 0.04020 -0.04400
v 0.03775 0.04020 -0.03924
v 0.03500 0.04020 -0.03850
v 0.03500 0.03800 -0.04400
v 0.03500 0.03800 -0.03780
v 0.03810 0.03800 -0.03863
v 0.03500 0.04020 -0.04400
v 0.03500 0.04020 -0.03850
v 0.03225 0.04020 -0.03924
v 0.03500 0.03800 -0.04400
v 0.03190 0.03800 -0.03863
v 0.03500 0.03800 -0.03780
v 0.03500 0.04020 -0.04400
v 0.03225 0.04020 -0.03924
v 0.03024 0.04020 -0.04125
v 0.03500 0.03800 -0.04400
v 0.02963 0.03800 -0.04090
v 0.03190 0.03800 -0.03863
v 0.03500 0.04020 -0.04400
v 0.03024 0.04020 -0.04125
v 0.02950 0.04020 -0.04400
v 0.03500 0.03800 -0.04400
v 0.02880 0.03800 -0.04400
v 0.02963 0.03800 -0.04090
v 0.03500 0.04020 -0.04400
v 0.02950 0.04020 -0.04400
v 0.03024 0.04020 -0.04675
v 0.03500 0.03800 -0.04400
v 0.02963 0.03800 -0.04710
v 0.02880 0.03800 -0.04400
v 0.03500 0.04020 -0.04400
v 0.03024 0.04020 -0.04675
v 0.03225 0.04020 -0.04876
v 0.03500 0.03800 -0.04400
v 0.03190 0.03800 -0.04937
v 0.02963 0.03800 -0.04710
v 0.03500 0.04020 -0.04400
v 0.03225 0.04020 -0.04876
v 0.03500 0.04020 -0.04950
v 0.03500 0.03800 -0.04400
v 0.03500 0.03800 -0.05020
v 0.03190 0.03800 -0.04937
v 0.03500 0.04020 -0.04400
v 0.03500 0.04020 -0.04950
v 0.03775 0.04020 -0.04876
v 0.03500 0.03800 -0.04400
v 0.03810 0.03800 -0.04937
v 0.03500 0.03800 -0.05020
v 0.03500 0.04020 -0.04400
v 0.03775 0.04020 -0.04876
v 0.03976 0.04020 -0.04675
v 0.03500 0.03800 -0.04400
v 0.04037 0.03800 -0.04710
v 0.03810 0.03800 -0.04937
v 0.03500 0.04020 -0.04400
v 0.03976 0.04020 -0.04675
v 0.04050 0.04020 -0.04400
v 0.03500 0.03800 -0.04400
v 0.04120 0.03800 -0.04400
v 0.04037 0.03800 -0.04710
v 0.03412 0.03936 -0.04310
v 0.03581 0.03997 -0.04310
v 0.02828 0.06064 -0.04310
v 0.02659 0.06003 -0.04310
v 0.03581 0.03997 -0.04490
v 0.03412 0.03936 -0.04490
v 0.02659 0.06003 -0.04490
v 0.02828 0.06064 -0.04490
v 0.03581 0.03997 -0.04310
v 0.03581 0.03997 -0.04490
v 0.02828 0.06064 -0.04490
v 0.02828 0.06064 -0.04310
v 0.03412 0.03936 -0.04490
v 0.03412 0.03936 -0.04310
v 0.02659 0.06003 -0.04310
v 0.02659 0.06003 -0.04490
v 0.02659 0.06003 -0.04310
v 0.02828 0.06064 -0.04310
v 0.02828 0.06064 -0.04490
v 0.02659 0.06003 -0.04490
v 0.03412 0.03936 -0.04490
v 0.03581 0.03997 -0.04490
v 0.03581 0.03997 -0.04310
v 0.03412 0.03936 -0.04310
v 0.01898 0.06103 -0.04400
v 0.01931 0.06126 -0.04250
v 0.02117 0.05377 -0.04090
v 0.02049 0.05329 -0.04400
v 0.01931 0.06126 -0.04250
v 0.02021 0.06189 -0.04140
v 0.02303 0.05507 -0.03863
v 0.02117 0.05377 -0.04090
v 0.02021 0.06189 -0.04140
v 0.02144 0.06275 -0.04100
v 0.02556 0.05685 -0.03780
v 0.02303 0.05507 -0.03863
v 0.02144 0.06275 -0.04100
v 0.02266 0.06361 -0.04140
v 0.02810 0.05863 -0.03863
v 0.02556 0.05685 -0.03780
v 0.02266 0.06361 -0.04140
v 0.02356 0.06424 -0.04250
v 0.02996 0.05993 -0.04090
v 0.02810 0.05863 -0.03863
v 0.02356 0.06424 -0.04250
v 0.02389 0.06447 -0.04400
v 0.03064 0.06041 -0.04400
v 0.02996 0.05993 -0.04090
v 0.02389 0.06447 -0.04400
v 0.02356 0.06424 -0.04550
v 0.02996 0.05993 -0.04710
v 0.03064 0.06041 -0.04400
v 0.02356 0.06424 -0.04550
v 0.02266 0.06361 -0.04660
v 0.02810 0.05863 -0.04937
v 0.02996 0.05993 -0.04710
v 0.02266 0.06361 -0.04660
v 0.02144 0.06275 -0.04700
v 0.02556 0.05685 -0.05020
v 0.02810 0.05863 -0.04937
v 0.02144 0.06275 -0.04700
v 0.02021 0.06189 -0.04660
v 0.02303 0.05507 -0.04937
v 0.02556 0.05685 -0.05020
v 0.02021 0.06189 -0.04660
v 0.01931 0.06126 -0.04550
v 0.02117 0.05377 -0.04710
v 0.02303 0.05507 -0.04937
v 0.01931 0.06126 -0.04550
v 0.01898 0.06103 -0.04400
v 0.02049 0.05329 -0.04400
v 0.02117 0.05377 -0.04710
v 0.02556 0.05685 -0.04400
v 0.02049 0.05329 -0.04400
v 0.02117 0.05377 -0.04090
v 0.02144 0.06275 -0.04400
v 0.01931 0.06126 -0.04250
v 0.01898 0.06103 -0.04400
v 0.02556 0.05685 -0.04400
v 0.02117 0.05377 -0.04090
v 0.02303 0.05507 -0.03863
v 0.02144 0.06275 -0.04400
v 0.02021 0.06189 -0.04140
v 0.01931 0.06126 -0.04250
v 0.02556 0.05685 -0.04400
v 0.02303 0.05507 -0.03863
v 0.02556 0.05685 -0.03780
v 0.02144 0.06275 -0.04400
v 0.02144 0.06275 -0.04100
v 0.02021 0.06189 -0.04140
v 0.02556 0.05685 -0.04400
v 0.02556 0.05685 -0.03780
v 0.02810 0.05863 -0.03863
v 0.02144 0.06275 -0.04400
v 0.02266 0.06361 -0.04140
v 0.02144 0.06275 -0.04100
v 0.02556 0.05685 -0.04400
v 0.02810 0.05863 -0.03863
v 0.02996 0.05993 -0.04090
v 0.02144 0.06275 -0.04400
v 0.02356 0.06424 -0.04250
v 0.02266 0.06361 -0.04140
v 0.02556 0.05685 -0.04400
v 0.02996 0.05993 -0.04090
v 0.03064 0.06041 -0.04400
v 0.02144 0.06275 -0.04400
v 0.02389 0.06447 -0.04400
v 0.02356 0.06424 -0.04250
v 0.02556 0.05685 -0.04400
v 0.03064 0.06041 -0.04400
v 0.02996 0.05993 -0.04710
v 0.02144 0.06275 -0.04400
v 0.02356 0.06424 -0.04550
v 0.02389 0.06447 -0.04400
v 0.02556 0.05685 -0.04400
v 0.02996 0.05993 -0.04710
v 0.02810 0.05863 -0.04937
v 0.02144 0.06275 -0.04400
v 0.02266 0.06361 -0.04660
v 0.02356 0.06424 -0.04550
v 0.02556 0.05685 -0.04400
v 0.02810 0.05863 -0.04937
v 0.02556 0.05685 -0.05020
v 0.02144 0.06275 -0.04400
v 0.02144 0.06275 -0.04700
v 0.02266 0.06361 -0.04660
v 0.02556 0.05685 -0.04400
v 0.02556 0.05685 -0.05020
v 0.02303 0.05507 -0.04937
v 0.02144 0.06275 -0.04400
v 0.02021 0.06189 -0.04660
v 0.02144 0.06275 -0.04700
v 0.02556 0.05685 -0.04400
v 0.02303 0.05507 -0.04937
v 0.02117 0.05377 -0.04710
v 0.02144 0.06275 -0.04400
v 0.01931 0.06126 -0.04550
v 0.02021 0.06189 -0.04660
v 0.02556 0.05685 -0.04400
v 0.02117 0.05377 -0.04710
v 0.02049 0.05329 -0.04400
v 0.02144 0.06275 -0.04400
v 0.01898 0.06103 -0.04400
v 0.01931 0.06126 -0.04550
v 0.01000 0.00000 -0.01800
v 0.03600 0.00000 -0.01800
v 0.03600 0.03100 -0.01800
v 0.01000 0.03100 -0.01800
v 0.03600 0.00000 -0.04600
v 0.01000 0.00000 -0.04600
v 0.01000 0.03100 -0.04600
v 0.03600 0.03100 -0.04600
v 0.03600 0.00000 -0.01800
v 0.03600 0.00000 -0.04600
v 0.03600 0.03100 -0.04600
v 0.03600 0.03100 -0.01800
v 0.01000 0.00000 -0.04600
v 0.01000 0.00000 -0.01800
v 0.01000 0.03100 -0.01800
v 0.01000 0.03100 -0.04600
v 0.01000 0.03100 -0.01800
v 0.03600 0.03100 -0.01800
v 0.03600 0.03100 -0.04600
v 0.01000 0.03100 -0.04600
v 0.01000 0.00000 -0.04600
v 0.03600 0.00000 -0.04600
v 0.03600 0.00000 -0.01800
v 0.01000 0.00000 -0.01800
v 0.01750 0.00810 -0.01660
v 0.02850 0.00810 -0.01660
v 0.02850 0.00990 -0.01660
v 0.01750 0.00990 -0.01660
v 0.02850 0.00810 -0.01840
v 0.01750 0.00810 -0.01840
v 0.01750 0.00990 -0.01840
v 0.02850 0.00990 -0.01840
v 0.02850 0.00810 -0.01660
v 0.02850 0.00810 -0.01840
v 0.02850 0.00990 -0.01840
v 0.02850 0.00990 -0.01660
v 0.01750 0.00810 -0.01840
v 0.01750 0.00810 -0.01660
v 0.01750 0.00990 -0.01660
v 0.01750 0.00990 -0.01840
v 0.01750 0.00990 -0.01660
v 0.02850 0.00990 -0.01660
v 0.02850 0.00990 -0.01840
v 0.01750 0.00990 -0.01840
v 0.01750 0.00810 -0.01840
v 0.02850 0.00810 -0.01840
v 0.02850 0.00810 -0.01660
v 0.01750 0.00810 -0.01660
v 0.01750 0.02010 -0.01660
v 0.02850 0.02010 -0.01660
v 0.02850 0.02190 -0.01660
v 0.01750 0.02190 -0.01660
v 0.02850 0.02010 -0.01840
v 0.01750 0.02010 -0.01840
v 0.01750 0.02190 -0.01840
v 0.02850 0.02190 -0.01840
v 0.02850 0.02010 -0.01660
v 0.02850 0.02010 -0.01840
v 0.02850 0.02190 -0.01840
v 0.02850 0.02190 -0.01660
v 0.01750 0.02010 -0.01840
v 0.01750 0.02010 -0.01660
v 0.01750 0.02190 -0.01660
v 0.01750 0.02190 -0.01840
v 0.01750 0.02190 -0.01660
v 0.02850 0.02190 -0.01660
v 0.02850 0.02190 -0.01840
v 0.01750 0.02190 -0.01840
v 0.01750 0.02010 -0.01840
v 0.02850 0.02010 -0.01840
v 0.02850 0.02010 -0.01660
v 0.01750 0.02010 -0.01660
v -0.07320 0.00000 0.04169
v -0.04746 0.00000 0.03807
v -0.04746 0.02200 0.03807
v -0.07320 0.02200 0.04169
v -0.05080 0.00000 0.01431
v -0.07654 0.00000 0.01793
v -0.07654 0.02200 0.01793
v -0.05080 0.02200 0.01431
v -0.04746 0.00000 0.03807
v -0.05080 0.00000 0.01431
v -0.05080 0.02200 0.01431
v -0.04746 0.02200 0.03807
v -0.07654 0.00000 0.01793
v -0.07320 0.00000 0.04169
v -0.07320 0.02200 0.04169
v -0.07654 0.02200 0.01793
v -0.07320 0.02200 0.04169
v -0.04746 0.02200 0.03807
v -0.05080 0.02200 0.01431
v -0.07654 0.02200 0.01793
v -0.07654 0.00000 0.01793
v -0.05080 0.00000 0.01431
v -0.04746 0.00000 0.03807
v -0.07320 0.00000 0.04169
v -0.07405 0.02205 0.04282
v -0.04633 0.02205 0.03893
v -0.04633 0.02555 0.03893
v -0.07405 0.02555 0.04282
v -0.04995 0.02205 0.01318
v -0.07767 0.02205 0.01707
v -0.07767 0.02555 0.01707
v -0.04995 0.02555 0.01318
v -0.04633 0.02205 0.03893
v -0.04995 0.02205 0.01318
v -0.04995 0.02555 0.01318
v -0.04633 0.02555 0.03893
v -0.07767 0.02205 0.01707
v -0.07405 0.02205 0.04282
v -0.07405 0.02555 0.04282
v -0.07767 0.02555 0.01707
v -0.07405 0.02555 0.04282
v -0.04633 0.02555 0.03893
v -0.04995 0.02555 0.01318
v -0.07767 0.02555 0.01707
v -0.07767 0.02205 0.01707
v -0.04995 0.02205 0.01318
v -0.04633 0.02205 0.03893
v -0.07405 0.02205 0.04282
v -0.06964 0.02550 0.03263
v -0.05372 0.02550 0.03430
v -0.05372 0.02950 0.03430
v -0.06964 0.02950 0.03263
v -0.05236 0.02550 0.02137
v -0.06828 0.02550 0.01970
v -0.06828 0.02950 0.01970
v -0.05236 0.02950 0.02137
v -0.05372 0.02550 0.03430
v -0.05236 0.02550 0.02137
v -0.05236 0.02950 0.02137
v -0.05372 0.02950 0.03430
v -0.06828 0.02550 0.01970
v -0.06964 0.02550 0.03263
v -0.06964 0.02950 0.03263
v -0.06828 0.02950 0.01970
v -0.06964 0.02950 0.03263
v -0.05372 0.02950 0.03430
v -0.05236 0.02950 0.02137
v -0.06828 0.02950 0.01970
v -0.06828 0.02550 0.01970
v -0.05236 0.02550 0.02137
v -0.05372 0.02550 0.03430
v -0.06964 0.02550 0.03263
v -0.06883 0.02955 0.03564
v -0.05427 0.02955 0.03201
v -0.05427 0.03305 0.03201
v -0.06883 0.03305 0.03564
v -0.05717 0.02955 0.02036
v -0.07173 0.02955 0.02399
v -0.07173 0.03305 0.02399
v -0.05717 0.03305 0.02036
v -0.05427 0.02955 0.03201
v -0.05717 0.02955 0.02036
v -0.05717 0.03305 0.02036
v -0.05427 0.03305 0.03201
v -0.07173 0.02955 0.02399
v -0.06883 0.02955 0.03564
v -0.06883 0.03305 0.03564
v -0.07173 0.03305 0.02399
v -0.06883 0.03305 0.03564
v -0.05427 0.03305 0.03201
v -0.05717 0.03305 0.02036
v -0.07173 0.03305 0.02399
v -0.07173 0.02955 0.02399
v -0.05717 0.02955 0.02036
v -0.05427 0.02955 0.03201
v -0.06883 0.02955 0.03564
v -0.03800 0.00000 0.04000
v 0.03000 0.00000 0.04000
v 0.03000 0.00140 0.04000
v -0.03800 0.00140 0.04000
v 0.03000 0.00000 -0.00800
v -0.03800 0.00000 -0.00800
v -0.03800 0.00140 -0.00800
v 0.03000 0.00140 -0.00800
v 0.03000 0.00000 0.04000
v 0.03000 0.00000 -0.00800
v 0.03000 0.00140 -0.00800
v 0.03000 0.00140 0.04000
v -0.03800 0.00000 -0.00800
v -0.03800 0.00000 0.04000
v -0.03800 0.00140 0.04000
v -0.03800 0.00140 -0.00800
v -0.03800 0.00140 0.04000
v 0.03000 0.00140 0.04000
v 0.03000 0.00140 -0.00800
v -0.03800 0.00140 -0.00800
v -0.03800 0.00000 -0.00800
v 0.03000 0.00000 -0.00800
v 0.03000 0.00000 0.04000
v -0.03800 0.00000 0.04000
v -0.03000 0.00280 0.03250
v 0.02200 0.00280 0.03250
v 0.02200 0.00360 0.03250
v -0.03000 0.00360 0.03250
v 0.02200 0.00280 -0.00050
v -0.03000 0.00280 -0.00050
v -0.03000 0.00360 -0.00050
v 0.02200 0.00360 -0.00050
v 0.02200 0.00280 0.03250
v 0.02200 0.00280 -0.00050
v 0.02200 0.00360 -0.00050
v 0.02200 0.00360 0.03250
v -0.03000 0.00280 -0.00050
v -0.03000 0.00280 0.03250
v -0.03000 0.00360 0.03250
v -0.03000 0.00360 -0.00050
v -0.03000 0.00360 0.03250
v 0.02200 0.00360 0.03250
v 0.02200 0.00360 -0.00050
v -0.03000 0.00360 -0.00050
v -0.03000 0.00280 -0.00050
v 0.02200 0.00280 -0.00050
v 0.02200 0.00280 0.03250
v -0.03000 0.00280 0.03250
v -0.01900 0.02390 0.02100
v 0.01100 0.02390 0.02100
v 0.01100 0.02810 0.02100
v -0.01900 0.02810 0.02100
v 0.01100 0.02390 -0.00500
v -0.01900 0.02390 -0.00500
v -0.01900 0.02810 -0.00500
v 0.01100 0.02810 -0.00500
v 0.01100 0.02390 0.02100
v 0.01100 0.02390 -0.00500
v 0.01100 0.02810 -0.00500
v 0.01100 0.02810 0.02100
v -0.01900 0.02390 -0.00500
v -0.01900 0.02390 0.02100
v -0.01900 0.02810 0.02100
v -0.01900 0.02810 -0.00500
v -0.01900 0.02810 0.02100
v 0.01100 0.02810 0.02100
v 0.01100 0.02810 -0.00500
v -0.01900 0.02810 -0.00500
v -0.01900 0.02390 -0.00500
v 0.01100 0.02390 -0.00500
v 0.01100 0.02390 0.02100
v -0.01900 0.02390 0.02100
v -0.01800 0.02689 0.02019
v 0.01000 0.02689 0.02019
v 0.01000 0.05257 0.02426
v -0.01800 0.05257 0.02426
v 0.01000 0.02743 0.01674
v -0.01800 0.02743 0.01674
v -0.01800 0.05311 0.02081
v 0.01000 0.05311 0.02081
v 0.01000 0.02689 0.02019
v 0.01000 0.02743 0.01674
v 0.01000 0.05311 0.02081
v 0.01000 0.05257 0.02426
v -0.01800 0.02743 0.01674
v -0.01800 0.02689 0.02019
v -0.01800 0.05257 0.02426
v -0.01800 0.05311 0.02081
v -0.01800 0.05257 0.02426
v 0.01000 0.05257 0.02426
v 0.01000 0.05311 0.02081
v -0.01800 0.05311 0.02081
v -0.01800 0.02743 0.01674
v 0.01000 0.02743 0.01674
v 0.01000 0.02689 0.02019
v -0.01800 0.02689 0.02019
v -0.00100 0.00125 0.00800
v -0.00157 0.00125 0.00976
v -0.00157 0.02375 0.00976
v -0.00100 0.02375 0.00800
v -0.00157 0.00125 0.00976
v -0.00307 0.00125 0.01085
v -0.00307 0.02375 0.01085
v -0.00157 0.02375 0.00976
v -0.00307 0.00125 0.01085
v -0.00493 0.00125 0.01085
v -0.00493 0.02375 0.01085
v -0.00307 0.02375 0.01085
v -0.00493 0.00125 0.01085
v -0.00643 0.00125 0.00976
v -0.00643 0.02375 0.00976
v -0.00493 0.02375 0.01085
v -0.00643 0.00125 0.00976
v -0.00700 0.00125 0.00800
v -0.00700 0.02375 0.00800
v -0.00643 0.02375 0.00976
v -0.00700 0.00125 0.00800
v -0.00643 0.00125 0.00624
v -0.00643 0.02375 0.00624
v -0.00700 0.02375 0.00800
v -0.00643 0.00125 0.00624
v -0.00493 0.00125 0.00515
v -0.00493 0.02375 0.00515
v -0.00643 0.02375 0.00624
v -0.00493 0.00125 0.00515
v -0.00307 0.00125 0.00515
v -0.00307 0.02375 0.00515
v -0.00493 0.02375 0.00515
v -0.00307 0.00125 0.00515
v -0.00157 0.00125 0.00624
v -0.00157 0.02375 0.00624
v -0.00307 0.02375 0.00515
v -0.00157 0.00125 0.00624
v -0.00100 0.00125 0.00800
v -0.00100 0.02375 0.00800
v -0.00157 0.02375 0.00624
v -0.00400 0.02375 0.00800
v -0.00100 0.02375 0.00800
v -0.00157 0.02375 0.00976
v -0.00400 0.00125 0.00800
v -0.00157 0.00125 0.00976
v -0.00100 0.00125 0.00800
v -0.00400 0.02375 0.00800
v -0.00157 0.02375 0.00976
v -0.00307 0.02375 0.01085
v -0.00400 0.00125 0.00800
v -0.00307 0.00125 0.01085
v -0.00157 0.00125 0.00976
v -0.00400 0.02375 0.00800
v -0.00307 0.02375 0.01085
v -0.00493 0.02375 0.01085
v -0.00400 0.00125 0.00800
v -0.00493 0.00125 0.01085
v -0.00307 0.00125 0.01085
v -0.00400 0.02375 0.00800
v -0.00493 0.02375 0.01085
v -0.00643 0.02375 0.00976
v -0.00400 0.00125 0.00800
v -0.00643 0.00125 0.00976
v -0.00493 0.00125 0.01085
v -0.00400 0.02375 0.00800
v -0.00643 0.02375 0.00976
v -0.00700 0.02375 0.00800
v -0.00400 0.00125 0.00800
v -0.00700 0.00125 0.00800
v -0.00643 0.00125 0.00976
v -0.00400 0.02375 0.00800
v -0.00700 0.02375 0.00800
v -0.00643 0.02375 0.00624
v -0.00400 0.00125 0.00800
v -0.00643 0.00125 0.00624
v -0.00700 0.00125 0.00800
v -0.00400 0.02375 0.00800
v -0.00643 0.02375 0.00624
v -0.00493 0.02375 0.00515
v -0.00400 0.00125 0.00800
v -0.00493 0.00125 0.00515
v -0.00643 0.00125 0.00624
v -0.00400 0.02375 0.00800
v -0.00493 0.02375 0.00515
v -0.00307 0.02375 0.00515
v -0.00400 0.00125 0.00800
v -0.00307 0.00125 0.00515
v -0.00493 0.00125 0.00515
v -0.00400 0.02375 0.00800
v -0.00307 0.02375 0.00515
v -0.00157 0.02375 0.00624
v -0.00400 0.00125 0.00800
v -0.00157 0.00125 0.00624
v -0.00307 0.00125 0.00515
v -0.00400 0.02375 0.00800
v -0.00157 0.02375 0.00624
v -0.00100 0.02375 0.00800
v -0.00400 0.00125 0.00800
v -0.00100 0.00125 0.00800
v -0.00157 0.00125 0.00624
v -0.00400 0.00150 0.00960
v 0.01200 0.00150 0.00960
v 0.01200 0.00370 0.00960
v -0.00400 0.00370 0.00960
v 0.01200 0.00150 0.00640
v -0.00400 0.00150 0.00640
v -0.00400 0.00370 0.00640
v 0.01200 0.00370 0.00640
v 0.01200 0.00150 0.00960
v 0.01200 0.00150 0.00640
v 0.01200 0.00370 0.00640
v 0.01200 0.00370 0.00960
v -0.00400 0.00150 0.00640
v -0.00400 0.00150 0.00960
v -0.00400 0.00370 0.00960
v -0.00400 0.00370 0.00640
v -0.00400 0.00370 0.00960
v 0.01200 0.00370 0.00960
v 0.01200 0.00370 0.00640
v -0.00400 0.00370 0.00640
v -0.00400 0.00150 0.00640
v 0.01200 0.00150 0.00640
v 0.01200 0.00150 0.00960
v -0.00400 0.00150 0.00960
v -0.00552 0.00150 0.00849
v -0.00058 0.00150 0.02371
v -0.00058 0.00370 0.02371
v -0.00552 0.00370 0.00849
v 0.00247 0.00150 0.02272
v -0.00248 0.00150 0.00751
v -0.00248 0.00370 0.00751
v 0.00247 0.00370 0.02272
v -0.00058 0.00150 0.02371
v 0.00247 0.00150 0.02272
v 0.00247 0.00370 0.02272
v -0.00058 0.00370 0.02371
v -0.00248 0.00150 0.00751
v -0.00552 0.00150 0.00849
v -0.00552 0.00370 0.00849
v -0.00248 0.00370 0.00751
v -0.00552 0.00370 0.00849
v -0.00058 0.00370 0.02371
v 0.00247 0.00370 0.02272
v -0.00248 0.00370 0.00751
v -0.00248 0.00150 0.00751
v 0.00247 0.00150 0.02272
v -0.00058 0.00150 0.02371
v -0.00552 0.00150 0.00849
v -0.00494 0.00150 0.00671
v -0.01788 0.00150 0.01611
v -0.01788 0.00370 0.01611
v -0.00494 0.00370 0.00671
v -0.01600 0.00150 0.01870
v -0.00306 0.00150 0.00929
v -0.00306 0.00370 0.00929
v -0.01600 0.00370 0.01870
v -0.01788 0.00150 0.01611
v -0.01600 0.00150 0.01870
v -0.01600 0.00370 0.01870
v -0.01788 0.00370 0.01611
v -0.00306 0.00150 0.00929
v -0.00494 0.00150 0.00671
v -0.00494 0.00370 0.00671
v -0.00306 0.00370 0.00929
v -0.00494 0.00370 0.00671
v -0.01788 0.00370 0.01611
v -0.01600 0.00370 0.01870
v -0.00306 0.00370 0.00929
v -0.00306 0.00150 0.00929
v -0.01600 0.00150 0.01870
v -0.01788 0.00150 0.01611
v -0.00494 0.00150 0.00671
v -0.00306 0.00150 0.00671
v -0.01600 0.00150 -0.00270
v -0.01600 0.00370 -0.00270
v -0.00306 0.00370 0.00671
v -0.01788 0.00150 -0.00011
v -0.00494 0.00150 0.00929
v -0.00494 0.00370 0.00929
v -0.01788 0.00370 -0.00011
v -0.01600 0.00150 -0.00270
v -0.01788 0.00150 -0.00011
v -0.01788 0.00370 -0.00011
v -0.01600 0.00370 -0.00270
v -0.00494 0.00150 0.00929
v -0.00306 0.00150 0.00671
v -0.00306 0.00370 0.00671
v -0.00494 0.00370 0.00929
v -0.00306 0.00370 0.00671
v -0.01600 0.00370 -0.00270
v -0.01788 0.00370 -0.00011
v -0.00494 0.00370 0.00929
v -0.00494 0.00150 0.00929
v -0.01788 0.00150 -0.00011
v -0.01600 0.00150 -0.00270
v -0.00306 0.00150 0.00671
v -0.00248 0.00150 0.00849
v 0.00247 0.00150 -0.00672
v 0.00247 0.00370 -0.00672
v -0.00248 0.00370 0.00849
v -0.00058 0.00150 -0.00771
v -0.00552 0.00150 0.00751
v -0.00552 0.00370 0.00751
v -0.00058 0.00370 -0.00771
v 0.00247 0.00150 -0.00672
v -0.00058 0.00150 -0.00771
v -0.00058 0.00370 -0.00771
v 0.00247 0.00370 -0.00672
v -0.00552 0.00150 0.00751
v -0.00248 0.00150 0.00849
v -0.00248 0.00370 0.00849
v -0.00552 0.00370 0.00751
v -0.00248 0.00370 0.00849
v 0.00247 0.00370 -0.00672
v -0.00058 0.00370 -0.00771
v -0.00552 0.00370 0.00751
v -0.00552 0.00150 0.00751
v -0.00058 0.00150 -0.00771
v 0.00247 0.00150 -0.00672
v -0.00248 0.00150 0.00849
v 0.06880 0.00000 0.03000
v 0.06813 0.00000 0.03295
v 0.07083 0.01300 0.03425
v 0.07180 0.01300 0.03000
v 0.06813 0.00000 0.03295
v 0.06624 0.00000 0.03532
v 0.06811 0.01300 0.03766
v 0.07083 0.01300 0.03425
v 0.06624 0.00000 0.03532
v 0.06351 0.00000 0.03663
v 0.06418 0.01300 0.03955
v 0.06811 0.01300 0.03766
v 0.06351 0.00000 0.03663
v 0.06049 0.00000 0.03663
v 0.05982 0.01300 0.03955
v 0.06418 0.01300 0.03955
v 0.06049 0.00000 0.03663
v 0.05776 0.00000 0.03532
v 0.05589 0.01300 0.03766
v 0.05982 0.01300 0.03955
v 0.05776 0.00000 0.03532
v 0.05587 0.00000 0.03295
v 0.05317 0.01300 0.03425
v 0.05589 0.01300 0.03766
v 0.05587 0.00000 0.03295
v 0.05520 0.00000 0.03000
v 0.05220 0.01300 0.03000
v 0.05317 0.01300 0.03425
v 0.05520 0.00000 0.03000
v 0.05587 0.00000 0.02705
v 0.05317 0.01300 0.02575
v 0.05220 0.01300 0.03000
v 0.05587 0.00000 0.02705
v 0.05776 0.00000 0.02468
v 0.05589 0.01300 0.02234
v 0.05317 0.01300 0.02575
v 0.05776 0.00000 0.02468
v 0.06049 0.00000 0.02337
v 0.05982 0.01300 0.02045
v 0.05589 0.01300 0.02234
v 0.06049 0.00000 0.02337
v 0.06351 0.00000 0.02337
v 0.06418 0.01300 0.02045
v 0.05982 0.01300 0.02045
v 0.06351 0.00000 0.02337
v 0.06624 0.00000 0.02468
v 0.06811 0.01300 0.02234
v 0.06418 0.01300 0.02045
v 0.06624 0.00000 0.02468
v 0.06813 0.00000 0.02705
v 0.07083 0.01300 0.02575
v 0.06811 0.01300 0.02234
v 0.06813 0.00000 0.02705
v 0.06880 0.00000 0.03000
v 0.07180 0.01300 0.03000
v 0.07083 0.01300 0.02575
v 0.06200 0.01300 0.03000
v 0.07180 0.01300 0.03000
v 0.07083 0.01300 0.03425
v 0.06200 0.00000 0.03000
v 0.06813 0.00000 0.03295
v 0.06880 0.00000 0.03000
v 0.06200 0.01300 0.03000
v 0.07083 0.01300 0.03425
v 0.06811 0.01300 0.03766
v 0.06200 0.00000 0.03000
v 0.06624 0.00000 0.03532
v 0.06813 0.00000 0.03295
v 0.06200 0.01300 0.03000
v 0.06811 0.01300 0.03766
v 0.06418 0.01300 0.03955
v 0.06200 0.00000 0.03000
v 0.06351 0.00000 0.03663
v 0.06624 0.00000 0.03532
v 0.06200 0.01300 0.03000
v 0.06418 0.01300 0.03955
v 0.05982 0.01300 0.03955
v 0.06200 0.00000 0.03000
v 0.06049 0.00000 0.03663
v 0.06351 0.00000 0.03663
v 0.06200 0.01300 0.03000
v 0.05982 0.01300 0.03955
v 0.05589 0.01300 0.03766
v 0.06200 0.00000 0.03000
v 0.05776 0.00000 0.03532
v 0.06049 0.00000 0.03663
v 0.06200 0.01300 0.03000
v 0.05589 0.01300 0.03766
v 0.05317 0.01300 0.03425
v 0.06200 0.00000 0.03000
v 0.05587 0.00000 0.03295
v 0.05776 0.00000 0.03532
v 0.06200 0.01300 0.03000
v 0.05317 0.01300 0.03425
v 0.05220 0.01300 0.03000
v 0.06200 0.00000 0.03000
v 0.05520 0.00000 0.03000
v 0.05587 0.00000 0.03295
v 0.06200 0.01300 0.03000
v 0.05220 0.01300 0.03000
v 0.05317 0.01300 0.02575
v 0.06200 0.00000 0.03000
v 0.05587 0.00000 0.02705
v 0.05520 0.00000 0.03000
v 0.06200 0.01300 0.03000
v 0.05317 0.01300 0.02575
v 0.05589 0.01300 0.02234
v 0.06200 0.00000 0.03000
v 0.05776 0.00000 0.02468
v 0.05587 0.00000 0.02705
v 0.06200 0.01300 0.03000
v 0.05589 0.01300 0.02234
v 0.05982 0.01300 0.02045
v 0.06200 0.00000 0.03000
v 0.06049 0.00000 0.02337
v 0.05776 0.00000 0.02468
v 0.06200 0.01300 0.03000
v 0.05982 0.01300 0.02045
v 0.06418 0.01300 0.02045
v 0.06200 0.00000 0.03000
v 0.06351 0.00000 0.02337
v 0.06049 0.00000 0.02337
v 0.06200 0.01300 0.03000
v 0.06418 0.01300 0.02045
v 0.06811 0.01300 0.02234
v 0.06200 0.00000 0.03000
v 0.06624 0.00000 0.02468
v 0.06351 0.00000 0.02337
v 0.06200 0.01300 0.03000
v 0.06811 0.01300 0.02234
v 0.07083 0.01300 0.02575
v 0.06200 0.00000 0.03000
v 0.06813 0.00000 0.02705
v 0.06624 0.00000 0.02468
v 0.06200 0.01300 0.03000
v 0.07083 0.01300 0.02575
v 0.07180 0.01300 0.03000
v 0.06200 0.00000 0.03000
v 0.06880 0.00000 0.03000
v 0.06813 0.00000 0.02705
v 0.07120 0.01300 0.03000
v 0.07029 0.01300 0.03399
v 0.07029 0.01440 0.03399
v 0.07120 0.01440 0.03000
v 0.07029 0.01300 0.03399
v 0.06774 0.01300 0.03719
v 0.06774 0.01440 0.03719
v 0.07029 0.01440 0.03399
v 0.06774 0.01300 0.03719
v 0.06405 0.01300 0.03897
v 0.06405 0.01440 0.03897
v 0.06774 0.01440 0.03719
v 0.06405 0.01300 0.03897
v 0.05995 0.01300 0.03897
v 0.05995 0.01440 0.03897
v 0.06405 0.01440 0.03897
v 0.05995 0.01300 0.03897
v 0.05626 0.01300 0.03719
v 0.05626 0.01440 0.03719
v 0.05995 0.01440 0.03897
v 0.05626 0.01300 0.03719
v 0.05371 0.01300 0.03399
v 0.05371 0.01440 0.03399
v 0.05626 0.01440 0.03719
v 0.05371 0.01300 0.03399
v 0.05280 0.01300 0.03000
v 0.05280 0.01440 0.03000
v 0.05371 0.01440 0.03399
v 0.05280 0.01300 0.03000
v 0.05371 0.01300 0.02601
v 0.05371 0.01440 0.02601
v 0.05280 0.01440 0.03000
v 0.05371 0.01300 0.02601
v 0.05626 0.01300 0.02281
v 0.05626 0.01440 0.02281
v 0.05371 0.01440 0.02601
v 0.05626 0.01300 0.02281
v 0.05995 0.01300 0.02103
v 0.05995 0.01440 0.02103
v 0.05626 0.01440 0.02281
v 0.05995 0.01300 0.02103
v 0.06405 0.01300 0.02103
v 0.06405 0.01440 0.02103
v 0.05995 0.01440 0.02103
v 0.06405 0.01300 0.02103
v 0.06774 0.01300 0.02281
v 0.06774 0.01440 0.02281
v 0.06405 0.01440 0.02103
v 0.06774 0.01300 0.02281
v 0.07029 0.01300 0.02601
v 0.07029 0.01440 0.02601
v 0.06774 0.01440 0.02281
v 0.07029 0.01300 0.02601
v 0.07120 0.01300 0.03000
v 0.07120 0.01440 0.03000
v 0.07029 0.01440 0.02601
v 0.06200 0.01440 0.03000
v 0.07120 0.01440 0.03000
v 0.07029 0.01440 0.03399
v 0.06200 0.01300 0.03000
v 0.07029 0.01300 0.03399
v 0.07120 0.01300 0.03000
v 0.06200 0.01440 0.03000
v 0.07029 0.01440 0.03399
v 0.06774 0.01440 0.03719
v 0.06200 0.01300 0.03000
v 0.06774 0.01300 0.03719
v 0.07029 0.01300 0.03399
v 0.06200 0.01440 0.03000
v 0.06774 0.01440 0.03719
v 0.06405 0.01440 0.03897
v 0.06200 0.01300 0.03000
v 0.06405 0.01300 0.03897
v 0.06774 0.01300 0.03719
v 0.06200 0.01440 0.03000
v 0.06405 0.01440 0.03897
v 0.05995 0.01440 0.03897
v 0.06200 0.01300 0.03000
v 0.05995 0.01300 0.03897
v 0.06405 0.01300 0.03897
v 0.06200 0.01440 0.03000
v 0.05995 0.01440 0.03897
v 0.05626 0.01440 0.03719
v 0.06200 0.01300 0.03000
v 0.05626 0.01300 0.03719
v 0.05995 0.01300 0.03897
v 0.06200 0.01440 0.03000
v 0.05626 0.01440 0.03719
v 0.05371 0.01440 0.03399
v 0.06200 0.01300 0.03000
v 0.05371 0.01300 0.03399
v 0.05626 0.01300 0.03719
v 0.06200 0.01440 0.03000
v 0.05371 0.01440 0.03399
v 0.05280 0.01440 0.03000
v 0.06200 0.01300 0.03000
v 0.05280 0.01300 0.03000
v 0.05371 0.01300 0.03399
v 0.06200 0.01440 0.03000
v 0.05280 0.01440 0.03000
v 0.05371 0.01440 0.02601
v 0.06200 0.01300 0.03000
v 0.05371 0.01300 0.02601
v 0.05280 0.01300 0.03000
v 0.06200 0.01440 0.03000
v 0.05371 0.01440 0.02601
v 0.05626 0.01440 0.02281
v 0.06200 0.01300 0.03000
v 0.05626 0.01300 0.02281
v 0.05371 0.01300 0.02601
v 0.06200 0.01440 0.03000
v 0.05626 0.01440 0.02281
v 0.05995 0.01440 0.02103
v 0.06200 0.01300 0.03000
v 0.05995 0.01300 0.02103
v 0.05626 0.01300 0.02281
v 0.06200 0.01440 0.03000
v 0.05995 0.01440 0.02103
v 0.06405 0.01440 0.02103
v 0.06200 0.01300 0.03000
v 0.06405 0.01300 0.02103
v 0.05995 0.01300 0.02103
v 0.06200 0.01440 0.03000
v 0.06405 0.01440 0.02103
v 0.06774 0.01440 0.02281
v 0.06200 0.01300 0.03000
v 0.06774 0.01300 0.02281
v 0.06405 0.01300 0.02103
v 0.06200 0.01440 0.03000
v 0.06774 0.01440 0.02281
v 0.07029 0.01440 0.02601
v 0.06200 0.01300 0.03000
v 0.07029 0.01300 0.02601
v 0.06774 0.01300 0.02281
v 0.06200 0.01440 0.03000
v 0.07029 0.01440 0.02601
v 0.07120 0.01440 0.03000
v 0.06200 0.01300 0.03000
v 0.07120 0.01300 0.03000
v 0.07029 0.01300 0.02601
v 0.06310 0.01340 0.03000
v 0.06278 0.01340 0.03078
v 0.06264 0.03140 0.03064
v 0.06290 0.03140 0.03000
v 0.06278 0.01340 0.03078
v 0.06200 0.01340 0.03110
v 0.06200 0.03140 0.03090
v 0.06264 0.03140 0.03064
v 0.06200 0.01340 0.03110
v 0.06122 0.01340 0.03078
v 0.06136 0.03140 0.03064
v 0.06200 0.03140 0.03090
v 0.06122 0.01340 0.03078
v 0.06090 0.01340 0.03000
v 0.06110 0.03140 0.03000
v 0.06136 0.03140 0.03064
v 0.06090 0.01340 0.03000
v 0.06122 0.01340 0.02922
v 0.06136 0.03140 0.02936
v 0.06110 0.03140 0.03000
v 0.06122 0.01340 0.02922
v 0.06200 0.01340 0.02890
v 0.06200 0.03140 0.02910
v 0.06136 0.03140 0.02936
v 0.06200 0.01340 0.02890
v 0.06278 0.01340 0.02922
v 0.06264 0.03140 0.02936
v 0.06200 0.03140 0.02910
v 0.06278 0.01340 0.02922
v 0.06310 0.01340 0.03000
v 0.06290 0.03140 0.03000
v 0.06264 0.03140 0.02936
v 0.06200 0.03140 0.03000
v 0.06290 0.03140 0.03000
v 0.06264 0.03140 0.03064
v 0.06200 0.01340 0.03000
v 0.06278 0.01340 0.03078
v 0.06310 0.01340 0.03000
v 0.06200 0.03140 0.03000
v 0.06264 0.03140 0.03064
v 0.06200 0.03140 0.03090
v 0.06200 0.01340 0.03000
v 0.06200 0.01340 0.03110
v 0.06278 0.01340 0.03078
v 0.06200 0.03140 0.03000
v 0.06200 0.03140 0.03090
v 0.06136 0.03140 0.03064
v 0.06200 0.01340 0.03000
v 0.06122 0.01340 0.03078
v 0.06200 0.01340 0.03110
v 0.06200 0.03140 0.03000
v 0.06136 0.03140 0.03064
v 0.06110 0.03140 0.03000
v 0.06200 0.01340 0.03000
v 0.06090 0.01340 0.03000
v 0.06122 0.01340 0.03078
v 0.06200 0.03140 0.03000
v 0.06110 0.03140 0.03000
v 0.06136 0.03140 0.02936
v 0.06200 0.01340 0.03000
v 0.06122 0.01340 0.02922
v 0.06090 0.01340 0.03000
v 0.06200 0.03140 0.03000
v 0.06136 0.03140 0.02936
v 0.06200 0.03140 0.02910
v 0.06200 0.01340 0.03000
v 0.06200 0.01340 0.02890
v 0.06122 0.01340 0.02922
v 0.06200 0.03140 0.03000
v 0.06200 0.03140 0.02910
v 0.06264 0.03140 0.02936
v 0.06200 0.01340 0.03000
v 0.06278 0.01340 0.02922
v 0.06200 0.01340 0.02890
v 0.06200 0.03140 0.03000
v 0.06264 0.03140 0.02936
v 0.06290 0.03140 0.03000
v 0.06200 0.01340 0.03000
v 0.06310 0.01340 0.03000
v 0.06278 0.01340 0.02922
v 0.06245 0.02800 0.03410
v 0.07636 0.03362 0.03410
v 0.07595 0.03464 0.03410
v 0.06204 0.02902 0.03410
v 0.07636 0.03362 0.02590
v 0.06245 0.02800 0.02590
v 0.06204 0.02902 0.02590
v 0.07595 0.03464 0.02590
v 0.07636 0.03362 0.03410
v 0.07636 0.03362 0.02590
v 0.07595 0.03464 0.02590
v 0.07595 0.03464 0.03410
v 0.06245 0.02800 0.02590
v 0.06245 0.02800 0.03410
v 0.06204 0.02902 0.03410
v 0.06204 0.02902 0.02590
v 0.06204 0.02902 0.03410
v 0.07595 0.03464 0.03410
v 0.07595 0.03464 0.02590
v 0.06204 0.02902 0.02590
v 0.06245 0.02800 0.02590
v 0.07636 0.03362 0.02590
v 0.07636 0.03362 0.03410
v 0.06245 0.02800 0.03410
v 0.05829 0.02694 0.03228
v 0.06082 0.03576 0.04415
v 0.06068 0.03665 0.04351
v 0.05816 0.02783 0.03164
v 0.06884 0.03576 0.04244
v 0.06631 0.02694 0.03057
v 0.06618 0.02783 0.02994
v 0.06870 0.03665 0.04181
v 0.06082 0.03576 0.04415
v 0.06884 0.03576 0.04244
v 0.06870 0.03665 0.04181
v 0.06068 0.03665 0.04351
v 0.06631 0.02694 0.03057
v 0.05829 0.02694 0.03228
v 0.05816 0.02783 0.03164
v 0.06618 0.02783 0.02994
v 0.05816 0.02783 0.03164
v 0.06068 0.03665 0.04351
v 0.06870 0.03665 0.04181
v 0.06618 0.02783 0.02994
v 0.06631 0.02694 0.03057
v 0.06884 0.03576 0.04244
v 0.06082 0.03576 0.04415
v 0.05829 0.02694 0.03228
v 0.05995 0.02851 0.02645
v 0.04722 0.03264 0.03322
v 0.04749 0.03370 0.03307
v 0.06022 0.02957 0.02630
v 0.05107 0.03264 0.04046
v 0.06380 0.02851 0.03369
v 0.06407 0.02957 0.03354
v 0.05134 0.03370 0.04031
v 0.04722 0.03264 0.03322
v 0.05107 0.03264 0.04046
v 0.05134 0.03370 0.04031
v 0.04749 0.03370 0.03307
v 0.06380 0.02851 0.03369
v 0.05995 0.02851 0.02645
v 0.06022 0.02957 0.02630
v 0.06407 0.02957 0.03354
v 0.06022 0.02957 0.02630
v 0.04749 0.03370 0.03307
v 0.05134 0.03370 0.04031
v 0.06407 0.02957 0.03354
v 0.06380 0.02851 0.03369
v 0.05107 0.03264 0.04046
v 0.04722 0.03264 0.03322
v 0.05995 0.02851 0.02645
v 0.06340 0.02667 0.02574
v 0.05486 0.03631 0.01805
v 0.05539 0.03716 0.01853
v 0.06393 0.02751 0.02622
v 0.04937 0.03631 0.02415
v 0.05791 0.02667 0.03184
v 0.05844 0.02751 0.03231
v 0.04990 0.03716 0.02462
v 0.05486 0.03631 0.01805
v 0.04937 0.03631 0.02415
v 0.04990 0.03716 0.02462
v 0.05539 0.03716 0.01853
v 0.05791 0.02667 0.03184
v 0.06340 0.02667 0.02574
v 0.06393 0.02751 0.02622
v 0.05844 0.02751 0.03231
v 0.06393 0.02751 0.02622
v 0.05539 0.03716 0.01853
v 0.04990 0.03716 0.02462
v 0.05844 0.02751 0.03231
v 0.05791 0.02667 0.03184
v 0.04937 0.03631 0.02415
v 0.05486 0.03631 0.01805
v 0.06340 0.02667 0.02574
v 0.06601 0.02753 0.03119
v 0.07223 0.03457 0.01949
v 0.07199 0.03554 0.01995
v 0.06577 0.02850 0.03164
v 0.06499 0.03457 0.01564
v 0.05877 0.02753 0.02734
v 0.05853 0.02850 0.02779
v 0.06475 0.03554 0.01610
v 0.07223 0.03457 0.01949
v 0.06499 0.03457 0.01564
v 0.06475 0.03554 0.01610
v 0.07199 0.03554 0.01995
v 0.05877 0.02753 0.02734
v 0.06601 0.02753 0.03119
v 0.06577 0.02850 0.03164
v 0.05853 0.02850 0.02779
v 0.06577 0.02850 0.03164
v 0.07199 0.03554 0.01995
v 0.06475 0.03554 0.01610
v 0.05853 0.02850 0.02779
v 0.05877 0.02753 0.02734
v 0.06499 0.03457 0.01564
v 0.07223 0.03457 0.01949
v 0.06601 0.02753 0.03119
vt 0.0000 0.0000
vt 1.0000 0.0000
vt 1.0000 1.0000
vt 0.0000 1.0000
vn 0.00000 0.00000 1.00000
vn 0.00000 0.00000 -1.00000
vn 1.00000 0.00000 0.00000
vn -1.00000 0.00000 0.00000
vn 0.00000 1.00000 0.00000
vn 0.00000 -1.00000 0.00000
vn 0.00000 0.00000 1.00000
vn 0.00000 0.00000 -1.00000
vn 1.00000 0.00000 0.00000
vn -1.00000 0.00000 0.00000
vn 0.00000 1.00000 0.00000
vn 0.00000 -1.00000 0.00000
vn 0.00000 0.00000 1.00000
vn 0.00000 0.00000 -1.00000
vn 1.00000 0.00000 0.00000
vn -1.00000 0.00000 0.00000
vn 0.00000 1.00000 0.00000
vn 0.00000 -1.00000 0.00000
vn 0.00000 0.00000 1.00000
vn 0.00000 0.00000 -1.00000
vn 1.00000 0.00000 0.00000
vn -1.00000 0.00000 0.00000
vn 0.00000 1.00000 0.00000
vn 0.00000 -1.00000 0.00000
vn 0.00000 0.00000 1.00000
vn 0.00000 0.00000 -1.00000
vn 1.00000 0.00000 0.00000
vn -1.00000 0.00000 0.00000
vn 0.00000 1.00000 0.00000
vn 0.00000 -1.00000 0.00000
vn 0.00000 0.00000 1.00000
vn 0.00000 0.00000 -1.00000
vn 1.00000 0.00000 0.00000
vn -1.00000 0.00000 0.00000
vn 0.00000 1.00000 0.00000
vn 0.00000 -1.00000 0.00000
vn 0.00000 0.00000 1.00000
vn 0.00000 0.00000 -1.00000
vn 1.00000 0.00000 0.00000
vn -1.00000 0.00000 0.00000
vn 0.00000 1.00000 0.00000
vn 0.00000 -1.00000 0.00000
vn 0.00000 0.00000 1.00000
vn 0.00000 0.00000 -1.00000
vn 1.00000 0.00000 0.00000
vn -1.00000 0.00000 0.00000
vn 0.00000 1.00000 0.00000
vn 0.00000 -1.00000 0.00000
vn 0.00000 0.00000 1.00000
vn 0.00000 0.00000 -1.00000
vn 1.00000 0.00000 0.00000
vn -1.00000 0.00000 0.00000
vn 0.00000 1.00000 0.00000
vn 0.00000 -1.00000 0.00000
vn 0.00000 0.00000 1.00000
vn 0.00000 0.00000 -1.00000
vn 1.00000 0.00000 0.00000
vn -1.00000 0.00000 0.00000
vn 0.00000 1.00000 0.00000
vn 0.00000 -1.00000 0.00000
vn 0.00000 0.00000 1.00000
vn 0.00000 0.00000 -1.00000
vn 1.00000 0.00000 0.00000
vn -1.00000 0.00000 0.00000
vn 0.00000 1.00000 0.00000
vn 0.00000 -1.00000 0.00000
vn 0.00000 0.00000 1.00000
vn 0.00000 0.00000 -1.00000
vn 0.70711 0.70711 0.00000
vn -0.70711 -0.70711 0.00000
vn -0.70711 0.70711 0.00000
vn 0.70711 -0.70711 0.00000
vn 0.00000 0.00000 1.00000
vn 0.00000 0.00000 -1.00000
vn 1.00000 0.00000 0.00000
vn -1.00000 0.00000 0.00000
vn 0.00000 1.00000 0.00000
vn 0.00000 -1.00000 0.00000
vn 0.00000 0.00000 1.00000
vn 0.00000 0.00000 -1.00000
vn 1.00000 0.00000 0.00000
vn -1.00000 0.00000 0.00000
vn 0.00000 1.00000 0.00000
vn 0.00000 -1.00000 0.00000
vn 0.00000 0.00000 1.00000
vn 0.00000 0.00000 -1.00000
vn 1.00000 0.00000 0.00000
vn -1.00000 0.00000 0.00000
vn 0.00000 1.00000 0.00000
vn 0.00000 -1.00000 0.00000
vn 0.00000 0.00000 1.00000
vn 0.00000 0.00000 -1.00000
vn 1.00000 0.00000 0.00000
vn -1.00000 0.00000 0.00000
vn 0.00000 1.00000 0.00000
vn 0.00000 -1.00000 0.00000
vn 0.00000 0.00000 1.00000
vn 0.00000 0.00000 -1.00000
vn 1.00000 0.00000 0.00000
vn -1.00000 0.00000 0.00000
vn 0.00000 1.00000 0.00000
vn 0.00000 -1.00000 0.00000
vn 0.00000 0.00000 1.00000
vn 0.00000 0.00000 -1.00000
vn 1.00000 0.00000 0.00000
vn -1.00000 0.00000 0.00000
vn 0.00000 1.00000 0.00000
vn 0.00000 -1.00000 0.00000
vn 0.00000 0.00000 1.00000
vn 0.00000 0.00000 -1.00000
vn 1.00000 0.00000 0.00000
vn -1.00000 0.00000 0.00000
vn 0.00000 1.00000 0.00000
vn 0.00000 -1.00000 0.00000
vn 0.00000 0.13917 0.99027
vn 0.00000 -0.13917 -0.99027
vn 1.00000 0.00000 0.00000
vn -1.00000 0.00000 0.00000
vn 0.00000 0.99027 -0.13917
vn 0.00000 -0.99027 0.13917
vn 0.00000 0.00000 1.00000
vn 0.00000 0.00000 -1.00000
vn 1.00000 0.00000 0.00000
vn -1.00000 0.00000 0.00000
vn 0.00000 1.00000 0.00000
vn 0.00000 -1.00000 0.00000
vn 0.00000 0.00000 1.00000
vn 0.00000 0.00000 -1.00000
vn 1.00000 0.00000 0.00000
vn -1.00000 0.00000 0.00000
vn 0.00000 1.00000 0.00000
vn 0.00000 -1.00000 0.00000
vn 0.00000 0.00000 1.00000
vn 0.00000 0.00000 -1.00000
vn 1.00000 0.00000 0.00000
vn -1.00000 0.00000 0.00000
vn 0.00000 1.00000 0.00000
vn 0.00000 -1.00000 0.00000
vn 0.00000 0.00000 1.00000
vn 0.00000 0.00000 -1.00000
vn 1.00000 0.00000 0.00000
vn -1.00000 0.00000 0.00000
vn 0.00000 1.00000 0.00000
vn 0.00000 -1.00000 0.00000
vn 0.00000 0.00000 1.00000
vn 0.00000 0.00000 -1.00000
vn 1.00000 0.00000 0.00000
vn -1.00000 0.00000 0.00000
vn 0.00000 1.00000 0.00000
vn 0.00000 -1.00000 0.00000
vn 0.00000 0.00000 1.00000
vn 0.00000 0.00000 -1.00000
vn 1.00000 0.00000 0.00000
vn -1.00000 0.00000 0.00000
vn 0.00000 1.00000 0.00000
vn 0.00000 -1.00000 0.00000
vn 0.00000 0.00000 1.00000
vn 0.00000 0.00000 -1.00000
vn 1.00000 0.00000 0.00000
vn -1.00000 0.00000 0.00000
vn 0.00000 1.00000 0.00000
vn 0.00000 -1.00000 0.00000
vn 0.00000 0.00000 1.00000
vn 0.00000 0.00000 -1.00000
vn 1.00000 0.00000 0.00000
vn -1.00000 0.00000 0.00000
vn 0.00000 1.00000 0.00000
vn 0.00000 -1.00000 0.00000
vn 0.00000 0.12187 0.99255
vn 0.00000 -0.12187 -0.99255
vn 1.00000 0.00000 0.00000
vn -1.00000 0.00000 0.00000
vn 0.00000 0.99255 -0.12187
vn 0.00000 -0.99255 0.12187
vn 0.00000 0.12187 0.99255
vn 0.00000 -0.12187 -0.99255
vn 1.00000 0.00000 0.00000
vn -1.00000 0.00000 0.00000
vn 0.00000 0.99255 -0.12187
vn 0.00000 -0.99255 0.12187
vn 0.00000 0.00000 1.00000
vn 0.00000 0.00000 -1.00000
vn 1.00000 0.00000 0.00000
vn -1.00000 0.00000 0.00000
vn 0.00000 1.00000 0.00000
vn 0.00000 -1.00000 0.00000
vn 0.00000 0.00000 1.00000
vn 0.00000 0.00000 -1.00000
vn 1.00000 0.00000 0.00000
vn -1.00000 0.00000 0.00000
vn 0.00000 1.00000 0.00000
vn 0.00000 -1.00000 0.00000
vn 0.96593 0.00000 0.25882
vn 0.70711 0.00000 0.70711
vn 0.25882 0.00000 0.96593
vn -0.25882 0.00000 0.96593
vn -0.70711 0.00000 0.70711
vn -0.96593 0.00000 0.25882
vn -0.96593 0.00000 -0.25882
vn -0.70711 0.00000 -0.70711
vn -0.25882 0.00000 -0.96593
vn 0.25882 0.00000 -0.96593
vn 0.70711 0.00000 -0.70711
vn 0.96593 0.00000 -0.25882
vn 0.00000 1.00000 0.00000
vn 0.00000 -1.00000 0.00000
vn 0.00000 1.00000 0.00000
vn 0.00000 -1.00000 0.00000
vn 0.00000 1.00000 0.00000
vn 0.00000 -1.00000 0.00000
vn 0.00000 1.00000 0.00000
vn 0.00000 -1.00000 0.00000
vn 0.00000 1.00000 0.00000
vn 0.00000 -1.00000 0.00000
vn 0.00000 1.00000 0.00000
vn 0.00000 -1.00000 0.00000
vn 0.00000 1.00000 0.00000
vn 0.00000 -1.00000 0.00000
vn 0.00000 1.00000 0.00000
vn 0.00000 -1.00000 0.00000
vn 0.00000 1.00000 0.00000
vn 0.00000 -1.00000 0.00000
vn 0.00000 1.00000 0.00000
vn 0.00000 -1.00000 0.00000
vn 0.00000 1.00000 0.00000
vn 0.00000 -1.00000 0.00000
vn 0.00000 1.00000 0.00000
vn 0.00000 -1.00000 0.00000
vn 0.95106 0.00000 0.30902
vn 0.58779 0.00000 0.80902
vn 0.00000 0.00000 1.00000
vn -0.58779 0.00000 0.80902
vn -0.95106 0.00000 0.30902
vn -0.95106 0.00000 -0.30902
vn -0.58779 0.00000 -0.80902
vn -0.00000 0.00000 -1.00000
vn 0.58779 0.00000 -0.80902
vn 0.95106 0.00000 -0.30902
vn 0.00000 1.00000 0.00000
vn 0.00000 -1.00000 0.00000
vn 0.00000 1.00000 0.00000
vn 0.00000 -1.00000 0.00000
vn 0.00000 1.00000 0.00000
vn 0.00000 -1.00000 0.00000
vn 0.00000 1.00000 0.00000
vn 0.00000 -1.00000 0.00000
vn 0.00000 1.00000 0.00000
vn 0.00000 -1.00000 0.00000
vn 0.00000 1.00000 0.00000
vn 0.00000 -1.00000 0.00000
vn 0.00000 1.00000 0.00000
vn 0.00000 -1.00000 0.00000
vn 0.00000 1.00000 0.00000
vn 0.00000 -1.00000 0.00000
vn 0.00000 1.00000 0.00000
vn 0.00000 -1.00000 0.00000
vn 0.00000 1.00000 0.00000
vn 0.00000 -1.00000 0.00000
vn -0.50000 0.00000 0.86603
vn 0.50000 0.00000 -0.86603
vn 0.75000 0.50000 0.43301
vn -0.75000 -0.50000 -0.43301
vn -0.43301 0.86603 -0.25000
vn 0.43301 -0.86603 0.25000
vn -0.50000 0.00000 -0.86603
vn 0.50000 0.00000 0.86603
vn -0.75000 0.50000 0.43301
vn 0.75000 -0.50000 -0.43301
vn 0.43301 0.86603 -0.25000
vn -0.43301 -0.86603 0.25000
vn 1.00000 0.00000 -0.00000
vn -1.00000 0.00000 0.00000
vn -0.00000 0.50000 -0.86603
vn 0.00000 -0.50000 0.86603
vn 0.00000 0.86603 0.50000
vn -0.00000 -0.86603 -0.50000
vn 0.96593 0.00000 0.25882
vn 0.70711 0.00000 0.70711
vn 0.25882 0.00000 0.96593
vn -0.25882 0.00000 0.96593
vn -0.70711 0.00000 0.70711
vn -0.96593 0.00000 0.25882
vn -0.96593 0.00000 -0.25882
vn -0.70711 0.00000 -0.70711
vn -0.25882 0.00000 -0.96593
vn 0.25882 0.00000 -0.96593
vn 0.70711 0.00000 -0.70711
vn 0.96593 0.00000 -0.25882
vn 0.00000 1.00000 0.00000
vn 0.00000 -1.00000 0.00000
vn 0.00000 1.00000 0.00000
vn 0.00000 -1.00000 0.00000
vn 0.00000 1.00000 0.00000
vn 0.00000 -1.00000 0.00000
vn 0.00000 1.00000 0.00000
vn 0.00000 -1.00000 0.00000
vn 0.00000 1.00000 0.00000
vn 0.00000 -1.00000 0.00000
vn 0.00000 1.00000 0.00000
vn 0.00000 -1.00000 0.00000
vn 0.00000 1.00000 0.00000
vn 0.00000 -1.00000 0.00000
vn 0.00000 1.00000 0.00000
vn 0.00000 -1.00000 0.00000
vn 0.00000 1.00000 0.00000
vn 0.00000 -1.00000 0.00000
vn 0.00000 1.00000 0.00000
vn 0.00000 -1.00000 0.00000
vn 0.00000 1.00000 0.00000
vn 0.00000 -1.00000 0.00000
vn 0.00000 1.00000 0.00000
vn 0.00000 -1.00000 0.00000
vn 0.00000 0.00000 1.00000
vn 0.00000 0.00000 -1.00000
vn 0.93969 0.34202 0.00000
vn -0.93969 -0.34202 0.00000
vn -0.34202 0.93969 0.00000
vn 0.34202 -0.93969 0.00000
vn -0.79124 -0.55403 0.25882
vn -0.57923 -0.40558 0.70711
vn -0.21201 -0.14845 0.96593
vn 0.21201 0.14845 0.96593
vn 0.57923 0.40558 0.70711
vn 0.79124 0.55403 0.25882
vn 0.79124 0.55403 -0.25882
vn 0.57923 0.40558 -0.70711
vn 0.21201 0.14845 -0.96593
vn -0.21201 -0.14845 -0.96593
vn -0.57923 -0.40558 -0.70711
vn -0.79124 -0.55403 -0.25882
vn 0.57358 -0.81915 0.00000
vn -0.57358 0.81915 0.00000
vn 0.57358 -0.81915 0.00000
vn -0.57358 0.81915 0.00000
vn 0.57358 -0.81915 0.00000
vn -0.57358 0.81915 0.00000
vn 0.57358 -0.81915 0.00000
vn -0.57358 0.81915 0.00000
vn 0.57358 -0.81915 0.00000
vn -0.57358 0.81915 0.00000
vn 0.57358 -0.81915 0.00000
vn -0.57358 0.81915 0.00000
vn 0.57358 -0.81915 0.00000
vn -0.57358 0.81915 0.00000
vn 0.57358 -0.81915 0.00000
vn -0.57358 0.81915 0.00000
vn 0.57358 -0.81915 0.00000
vn -0.57358 0.81915 0.00000
vn 0.57358 -0.81915 0.00000
vn -0.57358 0.81915 0.00000
vn 0.57358 -0.81915 0.00000
vn -0.57358 0.81915 0.00000
vn 0.57358 -0.81915 0.00000
vn -0.57358 0.81915 0.00000
vn 0.00000 0.00000 1.00000
vn 0.00000 0.00000 -1.00000
vn 1.00000 0.00000 0.00000
vn -1.00000 0.00000 0.00000
vn 0.00000 1.00000 0.00000
vn 0.00000 -1.00000 0.00000
vn 0.00000 0.00000 1.00000
vn 0.00000 0.00000 -1.00000
vn 1.00000 0.00000 0.00000
vn -1.00000 0.00000 0.00000
vn 0.00000 1.00000 0.00000
vn 0.00000 -1.00000 0.00000
vn 0.00000 0.00000 1.00000
vn 0.00000 0.00000 -1.00000
vn 1.00000 0.00000 0.00000
vn -1.00000 0.00000 0.00000
vn 0.00000 1.00000 0.00000
vn 0.00000 -1.00000 0.00000
vn 0.13917 0.00000 0.99027
vn -0.13917 0.00000 -0.99027
vn 0.99027 0.00000 -0.13917
vn -0.99027 0.00000 0.13917
vn 0.00000 1.00000 0.00000
vn 0.00000 -1.00000 0.00000
vn 0.13917 0.00000 0.99027
vn -0.13917 0.00000 -0.99027
vn 0.99027 0.00000 -0.13917
vn -0.99027 0.00000 0.13917
vn 0.00000 1.00000 0.00000
vn 0.00000 -1.00000 0.00000
vn -0.10453 0.00000 0.99452
vn 0.10453 0.00000 -0.99452
vn 0.99452 0.00000 0.10453
vn -0.99452 0.00000 -0.10453
vn 0.00000 1.00000 0.00000
vn 0.00000 -1.00000 0.00000
vn 0.24192 0.00000 0.97030
vn -0.24192 0.00000 -0.97030
vn 0.97030 0.00000 -0.24192
vn -0.97030 0.00000 0.24192
vn 0.00000 1.00000 0.00000
vn 0.00000 -1.00000 0.00000
vn 0.00000 0.00000 1.00000
vn 0.00000 0.00000 -1.00000
vn 1.00000 0.00000 0.00000
vn -1.00000 0.00000 0.00000
vn 0.00000 1.00000 0.00000
vn 0.00000 -1.00000 0.00000
vn 0.00000 0.00000 1.00000
vn 0.00000 0.00000 -1.00000
vn 1.00000 0.00000 0.00000
vn -1.00000 0.00000 0.00000
vn 0.00000 1.00000 0.00000
vn 0.00000 -1.00000 0.00000
vn 0.00000 0.00000 1.00000
vn 0.00000 0.00000 -1.00000
vn 1.00000 0.00000 0.00000
vn -1.00000 0.00000 0.00000
vn 0.00000 1.00000 0.00000
vn 0.00000 -1.00000 0.00000
vn 0.00000 -0.15643 0.98769
vn 0.00000 0.15643 -0.98769
vn 1.00000 0.00000 0.00000
vn -1.00000 0.00000 0.00000
vn 0.00000 0.98769 0.15643
vn 0.00000 -0.98769 -0.15643
vn 0.95106 0.00000 0.30902
vn 0.58779 0.00000 0.80902
vn 0.00000 0.00000 1.00000
vn -0.58779 0.00000 0.80902
vn -0.95106 0.00000 0.30902
vn -0.95106 0.00000 -0.30902
vn -0.58779 0.00000 -0.80902
vn -0.00000 0.00000 -1.00000
vn 0.58779 0.00000 -0.80902
vn 0.95106 0.00000 -0.30902
vn 0.00000 1.00000 0.00000
vn 0.00000 -1.00000 0.00000
vn 0.00000 1.00000 0.00000
vn 0.00000 -1.00000 0.00000
vn 0.00000 1.00000 0.00000
vn 0.00000 -1.00000 0.00000
vn 0.00000 1.00000 0.00000
vn 0.00000 -1.00000 0.00000
vn 0.00000 1.00000 0.00000
vn 0.00000 -1.00000 0.00000
vn 0.00000 1.00000 0.00000
vn 0.00000 -1.00000 0.00000
vn 0.00000 1.00000 0.00000
vn 0.00000 -1.00000 0.00000
vn 0.00000 1.00000 0.00000
vn 0.00000 -1.00000 0.00000
vn 0.00000 1.00000 0.00000
vn 0.00000 -1.00000 0.00000
vn 0.00000 1.00000 0.00000
vn 0.00000 -1.00000 0.00000
vn 0.00000 0.00000 1.00000
vn 0.00000 0.00000 -1.00000
vn 1.00000 0.00000 0.00000
vn -1.00000 0.00000 0.00000
vn 0.00000 1.00000 0.00000
vn 0.00000 -1.00000 0.00000
vn -0.95106 0.00000 0.30902
vn 0.95106 0.00000 -0.30902
vn 0.30902 0.00000 0.95106
vn -0.30902 0.00000 -0.95106
vn 0.00000 1.00000 0.00000
vn 0.00000 -1.00000 0.00000
vn -0.58779 0.00000 -0.80902
vn 0.58779 0.00000 0.80902
vn -0.80902 0.00000 0.58779
vn 0.80902 0.00000 -0.58779
vn 0.00000 1.00000 0.00000
vn -0.00000 -1.00000 0.00000
vn 0.58779 0.00000 -0.80902
vn -0.58779 0.00000 0.80902
vn -0.80902 0.00000 -0.58779
vn 0.80902 0.00000 0.58779
vn 0.00000 1.00000 0.00000
vn 0.00000 -1.00000 -0.00000
vn 0.95106 0.00000 0.30902
vn -0.95106 0.00000 -0.30902
vn 0.30902 0.00000 -0.95106
vn -0.30902 0.00000 0.95106
vn 0.00000 1.00000 0.00000
vn 0.00000 -1.00000 0.00000
vn 0.97493 0.00000 0.22252
vn 0.78183 0.00000 0.62349
vn 0.43388 0.00000 0.90097
vn 0.00000 0.00000 1.00000
vn -0.43388 0.00000 0.90097
vn -0.78183 0.00000 0.62349
vn -0.97493 0.00000 0.22252
vn -0.97493 0.00000 -0.22252
vn -0.78183 0.00000 -0.62349
vn -0.43388 0.00000 -0.90097
vn -0.00000 0.00000 -1.00000
vn 0.43388 0.00000 -0.90097
vn 0.78183 0.00000 -0.62349
vn 0.97493 0.00000 -0.22252
vn 0.00000 1.00000 0.00000
vn 0.00000 -1.00000 0.00000
vn 0.00000 1.00000 0.00000
vn 0.00000 -1.00000 0.00000
vn 0.00000 1.00000 0.00000
vn 0.00000 -1.00000 0.00000
vn 0.00000 1.00000 0.00000
vn 0.00000 -1.00000 0.00000
vn 0.00000 1.00000 0.00000
vn 0.00000 -1.00000 0.00000
vn 0.00000 1.00000 0.00000
vn 0.00000 -1.00000 0.00000
vn 0.00000 1.00000 0.00000
vn 0.00000 -1.00000 0.00000
vn 0.00000 1.00000 0.00000
vn 0.00000 -1.00000 0.00000
vn 0.00000 1.00000 0.00000
vn 0.00000 -1.00000 0.00000
vn 0.00000 1.00000 0.00000
vn 0.00000 -1.00000 0.00000
vn 0.00000 1.00000 0.00000
vn 0.00000 -1.00000 0.00000
vn 0.00000 1.00000 0.00000
vn 0.00000 -1.00000 0.00000
vn 0.00000 1.00000 0.00000
vn 0.00000 -1.00000 0.00000
vn 0.00000 1.00000 0.00000
vn 0.00000 -1.00000 0.00000
vn 0.97493 0.00000 0.22252
vn 0.78183 0.00000 0.62349
vn 0.43388 0.00000 0.90097
vn 0.00000 0.00000 1.00000
vn -0.43388 0.00000 0.90097
vn -0.78183 0.00000 0.62349
vn -0.97493 0.00000 0.22252
vn -0.97493 0.00000 -0.22252
vn -0.78183 0.00000 -0.62349
vn -0.43388 0.00000 -0.90097
vn -0.00000 0.00000 -1.00000
vn 0.43388 0.00000 -0.90097
vn 0.78183 0.00000 -0.62349
vn 0.97493 0.00000 -0.22252
vn 0.00000 1.00000 0.00000
vn 0.00000 -1.00000 0.00000
vn 0.00000 1.00000 0.00000
vn 0.00000 -1.00000 0.00000
vn 0.00000 1.00000 0.00000
vn 0.00000 -1.00000 0.00000
vn 0.00000 1.00000 0.00000
vn 0.00000 -1.00000 0.00000
vn 0.00000 1.00000 0.00000
vn 0.00000 -1.00000 0.00000
vn 0.00000 1.00000 0.00000
vn 0.00000 -1.00000 0.00000
vn 0.00000 1.00000 0.00000
vn 0.00000 -1.00000 0.00000
vn 0.00000 1.00000 0.00000
vn 0.00000 -1.00000 0.00000
vn 0.00000 1.00000 0.00000
vn 0.00000 -1.00000 0.00000
vn 0.00000 1.00000 0.00000
vn 0.00000 -1.00000 0.00000
vn 0.00000 1.00000 0.00000
vn 0.00000 -1.00000 0.00000
vn 0.00000 1.00000 0.00000
vn 0.00000 -1.00000 0.00000
vn 0.00000 1.00000 0.00000
vn 0.00000 -1.00000 0.00000
vn 0.00000 1.00000 0.00000
vn 0.00000 -1.00000 0.00000
vn 0.92388 0.00000 0.38268
vn 0.38268 0.00000 0.92388
vn -0.38268 0.00000 0.92388
vn -0.92388 0.00000 0.38268
vn -0.92388 0.00000 -0.38268
vn -0.38268 0.00000 -0.92388
vn 0.38268 0.00000 -0.92388
vn 0.92388 0.00000 -0.38268
vn 0.00000 1.00000 0.00000
vn 0.00000 -1.00000 0.00000
vn 0.00000 1.00000 0.00000
vn 0.00000 -1.00000 0.00000
vn 0.00000 1.00000 0.00000
vn 0.00000 -1.00000 0.00000
vn 0.00000 1.00000 0.00000
vn 0.00000 -1.00000 0.00000
vn 0.00000 1.00000 0.00000
vn 0.00000 -1.00000 0.00000
vn 0.00000 1.00000 0.00000
vn 0.00000 -1.00000 0.00000
vn 0.00000 1.00000 0.00000
vn 0.00000 -1.00000 0.00000
vn 0.00000 1.00000 0.00000
vn 0.00000 -1.00000 0.00000
vn 0.00000 0.00000 1.00000
vn 0.00000 0.00000 -1.00000
vn 0.92718 0.37461 0.00000
vn -0.92718 -0.37461 0.00000
vn -0.37461 0.92718 0.00000
vn 0.37461 -0.92718 0.00000
vn -0.97815 0.00000 0.20791
vn 0.97815 0.00000 -0.20791
vn 0.16820 0.58779 0.79134
vn -0.16820 -0.58779 -0.79134
vn -0.12221 0.80902 -0.57494
vn 0.12221 -0.80902 0.57494
vn -0.46947 0.00000 -0.88295
vn 0.46947 0.00000 0.88295
vn -0.84874 0.27564 0.45129
vn 0.84874 -0.27564 -0.45129
vn 0.24337 0.96126 -0.12940
vn -0.24337 -0.96126 0.12940
vn 0.66913 0.00000 -0.74314
vn -0.66913 0.00000 0.74314
vn -0.56928 0.64279 -0.51258
vn 0.56928 -0.64279 0.51258
vn 0.47768 0.76604 0.43011
vn -0.47768 -0.76604 -0.43011
vn 0.88295 0.00000 0.46947
vn -0.88295 0.00000 -0.46947
vn 0.41452 0.46947 -0.77960
vn -0.41452 -0.46947 0.77960
vn -0.22040 0.88295 0.41452
vn 0.22040 -0.88295 -0.41452
g Floor
usemtl FloorWood
s 1
f 1/1/1 2/2/1 3/3/1 4/4/1
f 5/1/2 6/2/2 7/3/2 8/4/2
f 9/1/3 10/2/3 11/3/3 12/4/3
f 13/1/4 14/2/4 15/3/4 16/4/4
f 17/1/5 18/2/5 19/3/5 20/4/5
f 21/1/6 22/2/6 23/3/6 24/4/6
g WallBack
usemtl WallPaint
s 1
f 25/1/7 26/2/7 27/3/7 28/4/7
f 29/1/8 30/2/8 31/3/8 32/4/8
f 33/1/9 34/2/9 35/3/9 36/4/9
f 37/1/10 38/2/10 39/3/10 40/4/10
f 41/1/11 42/2/11 43/3/11 44/4/11
f 45/1/12 46/2/12 47/3/12 48/4/12
g WallLeft
usemtl WallPaint
s 1
f 49/1/13 50/2/13 51/3/13 52/4/13
f 53/1/14 54/2/14 55/3/14 56/4/14
f 57/1/15 58/2/15 59/3/15 60/4/15
f 61/1/16 62/2/16 63/3/16 64/4/16
f 65/1/17 66/2/17 67/3/17 68/4/17
f 69/1/18 70/2/18 71/3/18 72/4/18
g Skirting
usemtl Trim
s 1
f 73/1/19 74/2/19 75/3/19 76/4/19
f 77/1/20 78/2/20 79/3/20 80/4/20
f 81/1/21 82/2/21 83/3/21 84/4/21
f 85/1/22 86/2/22 87/3/22 88/4/22
f 89/1/23 90/2/23 91/3/23 92/4/23
f 93/1/24 94/2/24 95/3/24 96/4/24
f 97/1/25 98/2/25 99/3/25 100/4/25
f 101/1/26 102/2/26 103/3/26 104/4/26
f 105/1/27 106/2/27 107/3/27 108/4/27
f 109/1/28 110/2/28 111/3/28 112/4/28
f 113/1/29 114/2/29 115/3/29 116/4/29
f 117/1/30 118/2/30 119/3/30 120/4/30
g WindowFrame
usemtl Trim
s 1
f 121/1/31 122/2/31 123/3/31 124/4/31
f 125/1/32 126/2/32 127/3/32 128/4/32
f 129/1/33 130/2/33 131/3/33 132/4/33
f 133/1/34 134/2/34 135/3/34 136/4/34
f 137/1/35 138/2/35 139/3/35 140/4/35
f 141/1/36 142/2/36 143/3/36 144/4/36
g WindowGlass
usemtl SkyGlass
s 1
f 145/1/37 146/2/37 147/3/37 148/4/37
f 149/1/38 150/2/38 151/3/38 152/4/38
f 153/1/39 154/2/39 155/3/39 156/4/39
f 157/1/40 158/2/40 159/3/40 160/4/40
f 161/1/41 162/2/41 163/3/41 164/4/41
f 165/1/42 166/2/42 167/3/42 168/4/42
g WindowMullion
usemtl Trim
s 1
f 169/1/43 170/2/43 171/3/43 172/4/43
f 173/1/44 174/2/44 175/3/44 176/4/44
f 177/1/45 178/2/45 179/3/45 180/4/45
f 181/1/46 182/2/46 183/3/46 184/4/46
f 185/1/47 186/2/47 187/3/47 188/4/47
f 189/1/48 190/2/48 191/3/48 192/4/48
f 193/1/49 194/2/49 195/3/49 196/4/49
f 197/1/50 198/2/50 199/3/50 200/4/50
f 201/1/51 202/2/51 203/3/51 204/4/51
f 205/1/52 206/2/52 207/3/52 208/4/52
f 209/1/53 210/2/53 211/3/53 212/4/53
f 213/1/54 214/2/54 215/3/54 216/4/54
g PosterFrame
usemtl Trim
s 1
f 217/1/55 218/2/55 219/3/55 220/4/55
f 221/1/56 222/2/56 223/3/56 224/4/56
f 225/1/57 226/2/57 227/3/57 228/4/57
f 229/1/58 230/2/58 231/3/58 232/4/58
f 233/1/59 234/2/59 235/3/59 236/4/59
f 237/1/60 238/2/60 239/3/60 240/4/60
g PosterArt
usemtl AccentAmber
s 1
f 241/1/61 242/2/61 243/3/61 244/4/61
f 245/1/62 246/2/62 247/3/62 248/4/62
f 249/1/63 250/2/63 251/3/63 252/4/63
f 253/1/64 254/2/64 255/3/64 256/4/64
f 257/1/65 258/2/65 259/3/65 260/4/65
f 261/1/66 262/2/66 263/3/66 264/4/66
g PosterMark
usemtl WallPaint
s 1
f 265/1/67 266/2/67 267/3/67 268/4/67
f 269/1/68 270/2/68 271/3/68 272/4/68
f 273/1/69 274/2/69 275/3/69 276/4/69
f 277/1/70 278/2/70 279/3/70 280/4/70
f 281/1/71 282/2/71 283/3/71 284/4/71
f 285/1/72 286/2/72 287/3/72 288/4/72
g Shelf
usemtl DeskSurface
s 1
f 289/1/73 290/2/73 291/3/73 292/4/73
f 293/1/74 294/2/74 295/3/74 296/4/74
f 297/1/75 298/2/75 299/3/75 300/4/75
f 301/1/76 302/2/76 303/3/76 304/4/76
f 305/1/77 306/2/77 307/3/77 308/4/77
f 309/1/78 310/2/78 311/3/78 312/4/78
g ShelfBracket
usemtl MetalDark
s 1
f 313/1/79 314/2/79 315/3/79 316/4/79
f 317/1/80 318/2/80 319/3/80 320/4/80
f 321/1/81 322/2/81 323/3/81 324/4/81
f 325/1/82 326/2/82 327/3/82 328/4/82
f 329/1/83 330/2/83 331/3/83 332/4/83
f 333/1/84 334/2/84 335/3/84 336/4/84
f 337/1/85 338/2/85 339/3/85 340/4/85
f 341/1/86 342/2/86 343/3/86 344/4/86
f 345/1/87 346/2/87 347/3/87 348/4/87
f 349/1/88 350/2/88 351/3/88 352/4/88
f 353/1/89 354/2/89 355/3/89 356/4/89
f 357/1/90 358/2/90 359/3/90 360/4/90
g Book1
usemtl AccentRust
s 1
f 361/1/91 362/2/91 363/3/91 364/4/91
f 365/1/92 366/2/92 367/3/92 368/4/92
f 369/1/93 370/2/93 371/3/93 372/4/93
f 373/1/94 374/2/94 375/3/94 376/4/94
f 377/1/95 378/2/95 379/3/95 380/4/95
f 381/1/96 382/2/96 383/3/96 384/4/96
g Book2
usemtl AccentAmber
s 1
f 385/1/97 386/2/97 387/3/97 388/4/97
f 389/1/98 390/2/98 391/3/98 392/4/98
f 393/1/99 394/2/99 395/3/99 396/4/99
f 397/1/100 398/2/100 399/3/100 400/4/100
f 401/1/101 402/2/101 403/3/101 404/4/101
f 405/1/102 406/2/102 407/3/102 408/4/102
g Book3
usemtl Foliage
s 1
f 409/1/103 410/2/103 411/3/103 412/4/103
f 413/1/104 414/2/104 415/3/104 416/4/104
f 417/1/105 418/2/105 419/3/105 420/4/105
f 421/1/106 422/2/106 423/3/106 424/4/106
f 425/1/107 426/2/107 427/3/107 428/4/107
f 429/1/108 430/2/108 431/3/108 432/4/108
g Book4
usemtl PlasticBone
s 1
f 433/1/109 434/2/109 435/3/109 436/4/109
f 437/1/110 438/2/110 439/3/110 440/4/110
f 441/1/111 442/2/111 443/3/111 444/4/111
f 445/1/112 446/2/112 447/3/112 448/4/112
f 449/1/113 450/2/113 451/3/113 452/4/113
f 453/1/114 454/2/114 455/3/114 456/4/114
g Book5
usemtl AccentRust
s 1
f 457/1/115 458/2/115 459/3/115 460/4/115
f 461/1/116 462/2/116 463/3/116 464/4/116
f 465/1/117 466/2/117 467/3/117 468/4/117
f 469/1/118 470/2/118 471/3/118 472/4/118
f 473/1/119 474/2/119 475/3/119 476/4/119
f 477/1/120 478/2/120 479/3/120 480/4/120
g DeskTop
usemtl DeskSurface
s 1
f 481/1/121 482/2/121 483/3/121 484/4/121
f 485/1/122 486/2/122 487/3/122 488/4/122
f 489/1/123 490/2/123 491/3/123 492/4/123
f 493/1/124 494/2/124 495/3/124 496/4/124
f 497/1/125 498/2/125 499/3/125 500/4/125
f 501/1/126 502/2/126 503/3/126 504/4/126
g DeskLegs
usemtl MetalDark
s 1
f 505/1/127 506/2/127 507/3/127 508/4/127
f 509/1/128 510/2/128 511/3/128 512/4/128
f 513/1/129 514/2/129 515/3/129 516/4/129
f 517/1/130 518/2/130 519/3/130 520/4/130
f 521/1/131 522/2/131 523/3/131 524/4/131
f 525/1/132 526/2/132 527/3/132 528/4/132
f 529/1/133 530/2/133 531/3/133 532/4/133
f 533/1/134 534/2/134 535/3/134 536/4/134
f 537/1/135 538/2/135 539/3/135 540/4/135
f 541/1/136 542/2/136 543/3/136 544/4/136
f 545/1/137 546/2/137 547/3/137 548/4/137
f 549/1/138 550/2/138 551/3/138 552/4/138
f 553/1/139 554/2/139 555/3/139 556/4/139
f 557/1/140 558/2/140 559/3/140 560/4/140
f 561/1/141 562/2/141 563/3/141 564/4/141
f 565/1/142 566/2/142 567/3/142 568/4/142
f 569/1/143 570/2/143 571/3/143 572/4/143
f 573/1/144 574/2/144 575/3/144 576/4/144
f 577/1/145 578/2/145 579/3/145 580/4/145
f 581/1/146 582/2/146 583/3/146 584/4/146
f 585/1/147 586/2/147 587/3/147 588/4/147
f 589/1/148 590/2/148 591/3/148 592/4/148
f 593/1/149 594/2/149 595/3/149 596/4/149
f 597/1/150 598/2/150 599/3/150 600/4/150
f 601/1/151 602/2/151 603/3/151 604/4/151
f 605/1/152 606/2/152 607/3/152 608/4/152
f 609/1/153 610/2/153 611/3/153 612/4/153
f 613/1/154 614/2/154 615/3/154 616/4/154
f 617/1/155 618/2/155 619/3/155 620/4/155
f 621/1/156 622/2/156 623/3/156 624/4/156
g MonitorBase
usemtl MetalDark
s 1
f 625/1/157 626/2/157 627/3/157 628/4/157
f 629/1/158 630/2/158 631/3/158 632/4/158
f 633/1/159 634/2/159 635/3/159 636/4/159
f 637/1/160 638/2/160 639/3/160 640/4/160
f 641/1/161 642/2/161 643/3/161 644/4/161
f 645/1/162 646/2/162 647/3/162 648/4/162
f 649/1/163 650/2/163 651/3/163 652/4/163
f 653/1/164 654/2/164 655/3/164 656/4/164
f 657/1/165 658/2/165 659/3/165 660/4/165
f 661/1/166 662/2/166 663/3/166 664/4/166
f 665/1/167 666/2/167 667/3/167 668/4/167
f 669/1/168 670/2/168 671/3/168 672/4/168
g MonitorShell
usemtl MetalDark
s 1
f 673/1/169 674/2/169 675/3/169 676/4/169
f 677/1/170 678/2/170 679/3/170 680/4/170
f 681/1/171 682/2/171 683/3/171 684/4/171
f 685/1/172 686/2/172 687/3/172 688/4/172
f 689/1/173 690/2/173 691/3/173 692/4/173
f 693/1/174 694/2/174 695/3/174 696/4/174
g MonitorScreen
usemtl ScreenGlow
s 1
f 697/1/175 698/2/175 699/3/175 700/4/175
f 701/1/176 702/2/176 703/3/176 704/4/176
f 705/1/177 706/2/177 707/3/177 708/4/177
f 709/1/178 710/2/178 711/3/178 712/4/178
f 713/1/179 714/2/179 715/3/179 716/4/179
f 717/1/180 718/2/180 719/3/180 720/4/180
g Keyboard
usemtl MetalDark
s 1
f 721/1/181 722/2/181 723/3/181 724/4/181
f 725/1/182 726/2/182 727/3/182 728/4/182
f 729/1/183 730/2/183 731/3/183 732/4/183
f 733/1/184 734/2/184 735/3/184 736/4/184
f 737/1/185 738/2/185 739/3/185 740/4/185
f 741/1/186 742/2/186 743/3/186 744/4/186
g Mouse
usemtl PlasticBone
s 1
f 745/1/187 746/2/187 747/3/187 748/4/187
f 749/1/188 750/2/188 751/3/188 752/4/188
f 753/1/189 754/2/189 755/3/189 756/4/189
f 757/1/190 758/2/190 759/3/190 760/4/190
f 761/1/191 762/2/191 763/3/191 764/4/191
f 765/1/192 766/2/192 767/3/192 768/4/192
g Mug
usemtl AccentRust
s 1
f 769/1/193 770/2/193 771/3/193 772/4/193
f 773/1/194 774/2/194 775/3/194 776/4/194
f 777/1/195 778/2/195 779/3/195 780/4/195
f 781/1/196 782/2/196 783/3/196 784/4/196
f 785/1/197 786/2/197 787/3/197 788/4/197
f 789/1/198 790/2/198 791/3/198 792/4/198
f 793/1/199 794/2/199 795/3/199 796/4/199
f 797/1/200 798/2/200 799/3/200 800/4/200
f 801/1/201 802/2/201 803/3/201 804/4/201
f 805/1/202 806/2/202 807/3/202 808/4/202
f 809/1/203 810/2/203 811/3/203 812/4/203
f 813/1/204 814/2/204 815/3/204 816/4/204
f 817/1/205 818/2/205 819/3/205
f 820/1/206 821/2/206 822/3/206
f 823/1/207 824/2/207 825/3/207
f 826/1/208 827/2/208 828/3/208
f 829/1/209 830/2/209 831/3/209
f 832/1/210 833/2/210 834/3/210
f 835/1/211 836/2/211 837/3/211
f 838/1/212 839/2/212 840/3/212
f 841/1/213 842/2/213 843/3/213
f 844/1/214 845/2/214 846/3/214
f 847/1/215 848/2/215 849/3/215
f 850/1/216 851/2/216 852/3/216
f 853/1/217 854/2/217 855/3/217
f 856/1/218 857/2/218 858/3/218
f 859/1/219 860/2/219 861/3/219
f 862/1/220 863/2/220 864/3/220
f 865/1/221 866/2/221 867/3/221
f 868/1/222 869/2/222 870/3/222
f 871/1/223 872/2/223 873/3/223
f 874/1/224 875/2/224 876/3/224
f 877/1/225 878/2/225 879/3/225
f 880/1/226 881/2/226 882/3/226
f 883/1/227 884/2/227 885/3/227
f 886/1/228 887/2/228 888/3/228
g DeskPot
usemtl SoilDark
s 1
f 889/1/229 890/2/229 891/3/229 892/4/229
f 893/1/230 894/2/230 895/3/230 896/4/230
f 897/1/231 898/2/231 899/3/231 900/4/231
f 901/1/232 902/2/232 903/3/232 904/4/232
f 905/1/233 906/2/233 907/3/233 908/4/233
f 909/1/234 910/2/234 911/3/234 912/4/234
f 913/1/235 914/2/235 915/3/235 916/4/235
f 917/1/236 918/2/236 919/3/236 920/4/236
f 921/1/237 922/2/237 923/3/237 924/4/237
f 925/1/238 926/2/238 927/3/238 928/4/238
f 929/1/239 930/2/239 931/3/239
f 932/1/240 933/2/240 934/3/240
f 935/1/241 936/2/241 937/3/241
f 938/1/242 939/2/242 940/3/242
f 941/1/243 942/2/243 943/3/243
f 944/1/244 945/2/244 946/3/244
f 947/1/245 948/2/245 949/3/245
f 950/1/246 951/2/246 952/3/246
f 953/1/247 954/2/247 955/3/247
f 956/1/248 957/2/248 958/3/248
f 959/1/249 960/2/249 961/3/249
f 962/1/250 963/2/250 964/3/250
f 965/1/251 966/2/251 967/3/251
f 968/1/252 969/2/252 970/3/252
f 971/1/253 972/2/253 973/3/253
f 974/1/254 975/2/254 976/3/254
f 977/1/255 978/2/255 979/3/255
f 980/1/256 981/2/256 982/3/256
f 983/1/257 984/2/257 985/3/257
f 986/1/258 987/2/258 988/3/258
g DeskPlant
usemtl Foliage
s 1
f 989/1/259 990/2/259 991/3/259 992/4/259
f 993/1/260 994/2/260 995/3/260 996/4/260
f 997/1/261 998/2/261 999/3/261 1000/4/261
f 1001/1/262 1002/2/262 1003/3/262 1004/4/262
f 1005/1/263 1006/2/263 1007/3/263 1008/4/263
f 1009/1/264 1010/2/264 1011/3/264 1012/4/264
f 1013/1/265 1014/2/265 1015/3/265 1016/4/265
f 1017/1/266 1018/2/266 1019/3/266 1020/4/266
f 1021/1/267 1022/2/267 1023/3/267 1024/4/267
f 1025/1/268 1026/2/268 1027/3/268 1028/4/268
f 1029/1/269 1030/2/269 1031/3/269 1032/4/269
f 1033/1/270 1034/2/270 1035/3/270 1036/4/270
f 1037/1/271 1038/2/271 1039/3/271 1040/4/271
f 1041/1/272 1042/2/272 1043/3/272 1044/4/272
f 1045/1/273 1046/2/273 1047/3/273 1048/4/273
f 1049/1/274 1050/2/274 1051/3/274 1052/4/274
f 1053/1/275 1054/2/275 1055/3/275 1056/4/275
f 1057/1/276 1058/2/276 1059/3/276 1060/4/276
g LampBase
usemtl MetalDark
s 1
f 1061/1/277 1062/2/277 1063/3/277 1064/4/277
f 1065/1/278 1066/2/278 1067/3/278 1068/4/278
f 1069/1/279 1070/2/279 1071/3/279 1072/4/279
f 1073/1/280 1074/2/280 1075/3/280 1076/4/280
f 1077/1/281 1078/2/281 1079/3/281 1080/4/281
f 1081/1/282 1082/2/282 1083/3/282 1084/4/282
f 1085/1/283 1086/2/283 1087/3/283 1088/4/283
f 1089/1/284 1090/2/284 1091/3/284 1092/4/284
f 1093/1/285 1094/2/285 1095/3/285 1096/4/285
f 1097/1/286 1098/2/286 1099/3/286 1100/4/286
f 1101/1/287 1102/2/287 1103/3/287 1104/4/287
f 1105/1/288 1106/2/288 1107/3/288 1108/4/288
f 1109/1/289 1110/2/289 1111/3/289
f 1112/1/290 1113/2/290 1114/3/290
f 1115/1/291 1116/2/291 1117/3/291
f 1118/1/292 1119/2/292 1120/3/292
f 1121/1/293 1122/2/293 1123/3/293
f 1124/1/294 1125/2/294 1126/3/294
f 1127/1/295 1128/2/295 1129/3/295
f 1130/1/296 1131/2/296 1132/3/296
f 1133/1/297 1134/2/297 1135/3/297
f 1136/1/298 1137/2/298 1138/3/298
f 1139/1/299 1140/2/299 1141/3/299
f 1142/1/300 1143/2/300 1144/3/300
f 1145/1/301 1146/2/301 1147/3/301
f 1148/1/302 1149/2/302 1150/3/302
f 1151/1/303 1152/2/303 1153/3/303
f 1154/1/304 1155/2/304 1156/3/304
f 1157/1/305 1158/2/305 1159/3/305
f 1160/1/306 1161/2/306 1162/3/306
f 1163/1/307 1164/2/307 1165/3/307
f 1166/1/308 1167/2/308 1168/3/308
f 1169/1/309 1170/2/309 1171/3/309
f 1172/1/310 1173/2/310 1174/3/310
f 1175/1/311 1176/2/311 1177/3/311
f 1178/1/312 1179/2/312 1180/3/312
g LampArm
usemtl MetalDark
s 1
f 1181/1/313 1182/2/313 1183/3/313 1184/4/313
f 1185/1/314 1186/2/314 1187/3/314 1188/4/314
f 1189/1/315 1190/2/315 1191/3/315 1192/4/315
f 1193/1/316 1194/2/316 1195/3/316 1196/4/316
f 1197/1/317 1198/2/317 1199/3/317 1200/4/317
f 1201/1/318 1202/2/318 1203/3/318 1204/4/318
g LampHead
usemtl AccentAmber
s 1
f 1205/1/319 1206/2/319 1207/3/319 1208/4/319
f 1209/1/320 1210/2/320 1211/3/320 1212/4/320
f 1213/1/321 1214/2/321 1215/3/321 1216/4/321
f 1217/1/322 1218/2/322 1219/3/322 1220/4/322
f 1221/1/323 1222/2/323 1223/3/323 1224/4/323
f 1225/1/324 1226/2/324 1227/3/324 1228/4/324
f 1229/1/325 1230/2/325 1231/3/325 1232/4/325
f 1233/1/326 1234/2/326 1235/3/326 1236/4/326
f 1237/1/327 1238/2/327 1239/3/327 1240/4/327
f 1241/1/328 1242/2/328 1243/3/328 1244/4/328
f 1245/1/329 1246/2/329 1247/3/329 1248/4/329
f 1249/1/330 1250/2/330 1251/3/330 1252/4/330
f 1253/1/331 1254/2/331 1255/3/331
f 1256/1/332 1257/2/332 1258/3/332
f 1259/1/333 1260/2/333 1261/3/333
f 1262/1/334 1263/2/334 1264/3/334
f 1265/1/335 1266/2/335 1267/3/335
f 1268/1/336 1269/2/336 1270/3/336
f 1271/1/337 1272/2/337 1273/3/337
f 1274/1/338 1275/2/338 1276/3/338
f 1277/1/339 1278/2/339 1279/3/339
f 1280/1/340 1281/2/340 1282/3/340
f 1283/1/341 1284/2/341 1285/3/341
f 1286/1/342 1287/2/342 1288/3/342
f 1289/1/343 1290/2/343 1291/3/343
f 1292/1/344 1293/2/344 1294/3/344
f 1295/1/345 1296/2/345 1297/3/345
f 1298/1/346 1299/2/346 1300/3/346
f 1301/1/347 1302/2/347 1303/3/347
f 1304/1/348 1305/2/348 1306/3/348
f 1307/1/349 1308/2/349 1309/3/349
f 1310/1/350 1311/2/350 1312/3/350
f 1313/1/351 1314/2/351 1315/3/351
f 1316/1/352 1317/2/352 1318/3/352
f 1319/1/353 1320/2/353 1321/3/353
f 1322/1/354 1323/2/354 1324/3/354
g Drawer
usemtl DeskSurface
s 1
f 1325/1/355 1326/2/355 1327/3/355 1328/4/355
f 1329/1/356 1330/2/356 1331/3/356 1332/4/356
f 1333/1/357 1334/2/357 1335/3/357 1336/4/357
f 1337/1/358 1338/2/358 1339/3/358 1340/4/358
f 1341/1/359 1342/2/359 1343/3/359 1344/4/359
f 1345/1/360 1346/2/360 1347/3/360 1348/4/360
g DrawerPulls
usemtl MetalDark
s 1
f 1349/1/361 1350/2/361 1351/3/361 1352/4/361
f 1353/1/362 1354/2/362 1355/3/362 1356/4/362
f 1357/1/363 1358/2/363 1359/3/363 1360/4/363
f 1361/1/364 1362/2/364 1363/3/364 1364/4/364
f 1365/1/365 1366/2/365 1367/3/365 1368/4/365
f 1369/1/366 1370/2/366 1371/3/366 1372/4/366
f 1373/1/367 1374/2/367 1375/3/367 1376/4/367
f 1377/1/368 1378/2/368 1379/3/368 1380/4/368
f 1381/1/369 1382/2/369 1383/3/369 1384/4/369
f 1385/1/370 1386/2/370 1387/3/370 1388/4/370
f 1389/1/371 1390/2/371 1391/3/371 1392/4/371
f 1393/1/372 1394/2/372 1395/3/372 1396/4/372
g Crate
usemtl DeskSurface
s 1
f 1397/1/373 1398/2/373 1399/3/373 1400/4/373
f 1401/1/374 1402/2/374 1403/3/374 1404/4/374
f 1405/1/375 1406/2/375 1407/3/375 1408/4/375
f 1409/1/376 1410/2/376 1411/3/376 1412/4/376
f 1413/1/377 1414/2/377 1415/3/377 1416/4/377
f 1417/1/378 1418/2/378 1419/3/378 1420/4/378
g CrateLid
usemtl AccentRust
s 1
f 1421/1/379 1422/2/379 1423/3/379 1424/4/379
f 1425/1/380 1426/2/380 1427/3/380 1428/4/380
f 1429/1/381 1430/2/381 1431/3/381 1432/4/381
f 1433/1/382 1434/2/382 1435/3/382 1436/4/382
f 1437/1/383 1438/2/383 1439/3/383 1440/4/383
f 1441/1/384 1442/2/384 1443/3/384 1444/4/384
g CrateBooks
usemtl Foliage
s 1
f 1445/1/385 1446/2/385 1447/3/385 1448/4/385
f 1449/1/386 1450/2/386 1451/3/386 1452/4/386
f 1453/1/387 1454/2/387 1455/3/387 1456/4/387
f 1457/1/388 1458/2/388 1459/3/388 1460/4/388
f 1461/1/389 1462/2/389 1463/3/389 1464/4/389
f 1465/1/390 1466/2/390 1467/3/390 1468/4/390
g CrateBooks2
usemtl PlasticBone
s 1
f 1469/1/391 1470/2/391 1471/3/391 1472/4/391
f 1473/1/392 1474/2/392 1475/3/392 1476/4/392
f 1477/1/393 1478/2/393 1479/3/393 1480/4/393
f 1481/1/394 1482/2/394 1483/3/394 1484/4/394
f 1485/1/395 1486/2/395 1487/3/395 1488/4/395
f 1489/1/396 1490/2/396 1491/3/396 1492/4/396
g Rug
usemtl RugCloth
s 1
f 1493/1/397 1494/2/397 1495/3/397 1496/4/397
f 1497/1/398 1498/2/398 1499/3/398 1500/4/398
f 1501/1/399 1502/2/399 1503/3/399 1504/4/399
f 1505/1/400 1506/2/400 1507/3/400 1508/4/400
f 1509/1/401 1510/2/401 1511/3/401 1512/4/401
f 1513/1/402 1514/2/402 1515/3/402 1516/4/402
g RugInner
usemtl RugTrim
s 1
f 1517/1/403 1518/2/403 1519/3/403 1520/4/403
f 1521/1/404 1522/2/404 1523/3/404 1524/4/404
f 1525/1/405 1526/2/405 1527/3/405 1528/4/405
f 1529/1/406 1530/2/406 1531/3/406 1532/4/406
f 1533/1/407 1534/2/407 1535/3/407 1536/4/407
f 1537/1/408 1538/2/408 1539/3/408 1540/4/408
g ChairSeat
usemtl AccentAmber
s 1
f 1541/1/409 1542/2/409 1543/3/409 1544/4/409
f 1545/1/410 1546/2/410 1547/3/410 1548/4/410
f 1549/1/411 1550/2/411 1551/3/411 1552/4/411
f 1553/1/412 1554/2/412 1555/3/412 1556/4/412
f 1557/1/413 1558/2/413 1559/3/413 1560/4/413
f 1561/1/414 1562/2/414 1563/3/414 1564/4/414
g ChairBack
usemtl AccentAmber
s 1
f 1565/1/415 1566/2/415 1567/3/415 1568/4/415
f 1569/1/416 1570/2/416 1571/3/416 1572/4/416
f 1573/1/417 1574/2/417 1575/3/417 1576/4/417
f 1577/1/418 1578/2/418 1579/3/418 1580/4/418
f 1581/1/419 1582/2/419 1583/3/419 1584/4/419
f 1585/1/420 1586/2/420 1587/3/420 1588/4/420
g ChairPost
usemtl MetalDark
s 1
f 1589/1/421 1590/2/421 1591/3/421 1592/4/421
f 1593/1/422 1594/2/422 1595/3/422 1596/4/422
f 1597/1/423 1598/2/423 1599/3/423 1600/4/423
f 1601/1/424 1602/2/424 1603/3/424 1604/4/424
f 1605/1/425 1606/2/425 1607/3/425 1608/4/425
f 1609/1/426 1610/2/426 1611/3/426 1612/4/426
f 1613/1/427 1614/2/427 1615/3/427 1616/4/427
f 1617/1/428 1618/2/428 1619/3/428 1620/4/428
f 1621/1/429 1622/2/429 1623/3/429 1624/4/429
f 1625/1/430 1626/2/430 1627/3/430 1628/4/430
f 1629/1/431 1630/2/431 1631/3/431
f 1632/1/432 1633/2/432 1634/3/432
f 1635/1/433 1636/2/433 1637/3/433
f 1638/1/434 1639/2/434 1640/3/434
f 1641/1/435 1642/2/435 1643/3/435
f 1644/1/436 1645/2/436 1646/3/436
f 1647/1/437 1648/2/437 1649/3/437
f 1650/1/438 1651/2/438 1652/3/438
f 1653/1/439 1654/2/439 1655/3/439
f 1656/1/440 1657/2/440 1658/3/440
f 1659/1/441 1660/2/441 1661/3/441
f 1662/1/442 1663/2/442 1664/3/442
f 1665/1/443 1666/2/443 1667/3/443
f 1668/1/444 1669/2/444 1670/3/444
f 1671/1/445 1672/2/445 1673/3/445
f 1674/1/446 1675/2/446 1676/3/446
f 1677/1/447 1678/2/447 1679/3/447
f 1680/1/448 1681/2/448 1682/3/448
f 1683/1/449 1684/2/449 1685/3/449
f 1686/1/450 1687/2/450 1688/3/450
g ChairBase
usemtl MetalDark
s 1
f 1689/1/451 1690/2/451 1691/3/451 1692/4/451
f 1693/1/452 1694/2/452 1695/3/452 1696/4/452
f 1697/1/453 1698/2/453 1699/3/453 1700/4/453
f 1701/1/454 1702/2/454 1703/3/454 1704/4/454
f 1705/1/455 1706/2/455 1707/3/455 1708/4/455
f 1709/1/456 1710/2/456 1711/3/456 1712/4/456
f 1713/1/457 1714/2/457 1715/3/457 1716/4/457
f 1717/1/458 1718/2/458 1719/3/458 1720/4/458
f 1721/1/459 1722/2/459 1723/3/459 1724/4/459
f 1725/1/460 1726/2/460 1727/3/460 1728/4/460
f 1729/1/461 1730/2/461 1731/3/461 1732/4/461
f 1733/1/462 1734/2/462 1735/3/462 1736/4/462
f 1737/1/463 1738/2/463 1739/3/463 1740/4/463
f 1741/1/464 1742/2/464 1743/3/464 1744/4/464
f 1745/1/465 1746/2/465 1747/3/465 1748/4/465
f 1749/1/466 1750/2/466 1751/3/466 1752/4/466
f 1753/1/467 1754/2/467 1755/3/467 1756/4/467
f 1757/1/468 1758/2/468 1759/3/468 1760/4/468
f 1761/1/469 1762/2/469 1763/3/469 1764/4/469
f 1765/1/470 1766/2/470 1767/3/470 1768/4/470
f 1769/1/471 1770/2/471 1771/3/471 1772/4/471
f 1773/1/472 1774/2/472 1775/3/472 1776/4/472
f 1777/1/473 1778/2/473 1779/3/473 1780/4/473
f 1781/1/474 1782/2/474 1783/3/474 1784/4/474
f 1785/1/475 1786/2/475 1787/3/475 1788/4/475
f 1789/1/476 1790/2/476 1791/3/476 1792/4/476
f 1793/1/477 1794/2/477 1795/3/477 1796/4/477
f 1797/1/478 1798/2/478 1799/3/478 1800/4/478
f 1801/1/479 1802/2/479 1803/3/479 1804/4/479
f 1805/1/480 1806/2/480 1807/3/480 1808/4/480
g PotBody
usemtl AccentRust
s 1
f 1809/1/481 1810/2/481 1811/3/481 1812/4/481
f 1813/1/482 1814/2/482 1815/3/482 1816/4/482
f 1817/1/483 1818/2/483 1819/3/483 1820/4/483
f 1821/1/484 1822/2/484 1823/3/484 1824/4/484
f 1825/1/485 1826/2/485 1827/3/485 1828/4/485
f 1829/1/486 1830/2/486 1831/3/486 1832/4/486
f 1833/1/487 1834/2/487 1835/3/487 1836/4/487
f 1837/1/488 1838/2/488 1839/3/488 1840/4/488
f 1841/1/489 1842/2/489 1843/3/489 1844/4/489
f 1845/1/490 1846/2/490 1847/3/490 1848/4/490
f 1849/1/491 1850/2/491 1851/3/491 1852/4/491
f 1853/1/492 1854/2/492 1855/3/492 1856/4/492
f 1857/1/493 1858/2/493 1859/3/493 1860/4/493
f 1861/1/494 1862/2/494 1863/3/494 1864/4/494
f 1865/1/495 1866/2/495 1867/3/495
f 1868/1/496 1869/2/496 1870/3/496
f 1871/1/497 1872/2/497 1873/3/497
f 1874/1/498 1875/2/498 1876/3/498
f 1877/1/499 1878/2/499 1879/3/499
f 1880/1/500 1881/2/500 1882/3/500
f 1883/1/501 1884/2/501 1885/3/501
f 1886/1/502 1887/2/502 1888/3/502
f 1889/1/503 1890/2/503 1891/3/503
f 1892/1/504 1893/2/504 1894/3/504
f 1895/1/505 1896/2/505 1897/3/505
f 1898/1/506 1899/2/506 1900/3/506
f 1901/1/507 1902/2/507 1903/3/507
f 1904/1/508 1905/2/508 1906/3/508
f 1907/1/509 1908/2/509 1909/3/509
f 1910/1/510 1911/2/510 1912/3/510
f 1913/1/511 1914/2/511 1915/3/511
f 1916/1/512 1917/2/512 1918/3/512
f 1919/1/513 1920/2/513 1921/3/513
f 1922/1/514 1923/2/514 1924/3/514
f 1925/1/515 1926/2/515 1927/3/515
f 1928/1/516 1929/2/516 1930/3/516
f 1931/1/517 1932/2/517 1933/3/517
f 1934/1/518 1935/2/518 1936/3/518
f 1937/1/519 1938/2/519 1939/3/519
f 1940/1/520 1941/2/520 1942/3/520
f 1943/1/521 1944/2/521 1945/3/521
f 1946/1/522 1947/2/522 1948/3/522
g PotSoil
usemtl SoilDark
s 1
f 1949/1/523 1950/2/523 1951/3/523 1952/4/523
f 1953/1/524 1954/2/524 1955/3/524 1956/4/524
f 1957/1/525 1958/2/525 1959/3/525 1960/4/525
f 1961/1/526 1962/2/526 1963/3/526 1964/4/526
f 1965/1/527 1966/2/527 1967/3/527 1968/4/527
f 1969/1/528 1970/2/528 1971/3/528 1972/4/528
f 1973/1/529 1974/2/529 1975/3/529 1976/4/529
f 1977/1/530 1978/2/530 1979/3/530 1980/4/530
f 1981/1/531 1982/2/531 1983/3/531 1984/4/531
f 1985/1/532 1986/2/532 1987/3/532 1988/4/532
f 1989/1/533 1990/2/533 1991/3/533 1992/4/533
f 1993/1/534 1994/2/534 1995/3/534 1996/4/534
f 1997/1/535 1998/2/535 1999/3/535 2000/4/535
f 2001/1/536 2002/2/536 2003/3/536 2004/4/536
f 2005/1/537 2006/2/537 2007/3/537
f 2008/1/538 2009/2/538 2010/3/538
f 2011/1/539 2012/2/539 2013/3/539
f 2014/1/540 2015/2/540 2016/3/540
f 2017/1/541 2018/2/541 2019/3/541
f 2020/1/542 2021/2/542 2022/3/542
f 2023/1/543 2024/2/543 2025/3/543
f 2026/1/544 2027/2/544 2028/3/544
f 2029/1/545 2030/2/545 2031/3/545
f 2032/1/546 2033/2/546 2034/3/546
f 2035/1/547 2036/2/547 2037/3/547
f 2038/1/548 2039/2/548 2040/3/548
f 2041/1/549 2042/2/549 2043/3/549
f 2044/1/550 2045/2/550 2046/3/550
f 2047/1/551 2048/2/551 2049/3/551
f 2050/1/552 2051/2/552 2052/3/552
f 2053/1/553 2054/2/553 2055/3/553
f 2056/1/554 2057/2/554 2058/3/554
f 2059/1/555 2060/2/555 2061/3/555
f 2062/1/556 2063/2/556 2064/3/556
f 2065/1/557 2066/2/557 2067/3/557
f 2068/1/558 2069/2/558 2070/3/558
f 2071/1/559 2072/2/559 2073/3/559
f 2074/1/560 2075/2/560 2076/3/560
f 2077/1/561 2078/2/561 2079/3/561
f 2080/1/562 2081/2/562 2082/3/562
f 2083/1/563 2084/2/563 2085/3/563
f 2086/1/564 2087/2/564 2088/3/564
g Stem
usemtl StemGreen
s 1
f 2089/1/565 2090/2/565 2091/3/565 2092/4/565
f 2093/1/566 2094/2/566 2095/3/566 2096/4/566
f 2097/1/567 2098/2/567 2099/3/567 2100/4/567
f 2101/1/568 2102/2/568 2103/3/568 2104/4/568
f 2105/1/569 2106/2/569 2107/3/569 2108/4/569
f 2109/1/570 2110/2/570 2111/3/570 2112/4/570
f 2113/1/571 2114/2/571 2115/3/571 2116/4/571
f 2117/1/572 2118/2/572 2119/3/572 2120/4/572
f 2121/1/573 2122/2/573 2123/3/573
f 2124/1/574 2125/2/574 2126/3/574
f 2127/1/575 2128/2/575 2129/3/575
f 2130/1/576 2131/2/576 2132/3/576
f 2133/1/577 2134/2/577 2135/3/577
f 2136/1/578 2137/2/578 2138/3/578
f 2139/1/579 2140/2/579 2141/3/579
f 2142/1/580 2143/2/580 2144/3/580
f 2145/1/581 2146/2/581 2147/3/581
f 2148/1/582 2149/2/582 2150/3/582
f 2151/1/583 2152/2/583 2153/3/583
f 2154/1/584 2155/2/584 2156/3/584
f 2157/1/585 2158/2/585 2159/3/585
f 2160/1/586 2161/2/586 2162/3/586
f 2163/1/587 2164/2/587 2165/3/587
f 2166/1/588 2167/2/588 2168/3/588
g Leaves
usemtl Foliage
s 1
f 2169/1/589 2170/2/589 2171/3/589 2172/4/589
f 2173/1/590 2174/2/590 2175/3/590 2176/4/590
f 2177/1/591 2178/2/591 2179/3/591 2180/4/591
f 2181/1/592 2182/2/592 2183/3/592 2184/4/592
f 2185/1/593 2186/2/593 2187/3/593 2188/4/593
f 2189/1/594 2190/2/594 2191/3/594 2192/4/594
f 2193/1/595 2194/2/595 2195/3/595 2196/4/595
f 2197/1/596 2198/2/596 2199/3/596 2200/4/596
f 2201/1/597 2202/2/597 2203/3/597 2204/4/597
f 2205/1/598 2206/2/598 2207/3/598 2208/4/598
f 2209/1/599 2210/2/599 2211/3/599 2212/4/599
f 2213/1/600 2214/2/600 2215/3/600 2216/4/600
f 2217/1/601 2218/2/601 2219/3/601 2220/4/601
f 2221/1/602 2222/2/602 2223/3/602 2224/4/602
f 2225/1/603 2226/2/603 2227/3/603 2228/4/603
f 2229/1/604 2230/2/604 2231/3/604 2232/4/604
f 2233/1/605 2234/2/605 2235/3/605 2236/4/605
f 2237/1/606 2238/2/606 2239/3/606 2240/4/606
f 2241/1/607 2242/2/607 2243/3/607 2244/4/607
f 2245/1/608 2246/2/608 2247/3/608 2248/4/608
f 2249/1/609 2250/2/609 2251/3/609 2252/4/609
f 2253/1/610 2254/2/610 2255/3/610 2256/4/610
f 2257/1/611 2258/2/611 2259/3/611 2260/4/611
f 2261/1/612 2262/2/612 2263/3/612 2264/4/612
f 2265/1/613 2266/2/613 2267/3/613 2268/4/613
f 2269/1/614 2270/2/614 2271/3/614 2272/4/614
f 2273/1/615 2274/2/615 2275/3/615 2276/4/615
f 2277/1/616 2278/2/616 2279/3/616 2280/4/616
f 2281/1/617 2282/2/617 2283/3/617 2284/4/617
f 2285/1/618 2286/2/618 2287/3/618 2288/4/618
